==========================================================
Distributed Key Value Store
Started : Thu Jul 30 17:11:58 IST 2026
Project : /home/abhilash/project/distributed-key-value-store
Log File: /home/abhilash/project/distributed-key-value-store/logs/report_30072026_171158.log
==========================================================

Running CMake...
-- Configuring done (0.0s)
-- Generating done (0.0s)
-- Build files have been written to: /home/abhilash/project/distributed-key-value-store/build

Building...
[  7%] Building CXX object CMakeFiles/kvstore.dir/src/Node.cpp.o
[ 15%] Building CXX object CMakeFiles/kvstore.dir/src/loader.cpp.o
[ 23%] Building CXX object CMakeFiles/kvstore.dir/src/InMemoryKVstore.cpp.o
[ 30%] Building CXX object CMakeFiles/kvstore.dir/src/Partitioner.cpp.o
[ 38%] Building CXX object CMakeFiles/kvstore.dir/src/Serializer.cpp.o
[ 53%] Building CXX object CMakeFiles/kvstore.dir/src/SchemaConfig.cpp.o
[ 53%] Building CXX object CMakeFiles/kvstore.dir/src/Cluster.cpp.o
[ 61%] Building CXX object CMakeFiles/kvstore.dir/src/Statistics.cpp.o
[ 69%] Building CXX object CMakeFiles/kvstore.dir/src/ConfigParser.cpp.o
[ 76%] Building CXX object CMakeFiles/kvstore.dir/src/NetworkMock.cpp.o
/home/abhilash/project/distributed-key-value-store/src/SchemaConfig.cpp: In member function ‘bool SchemaConfig::validate(const std::string&, const std::string&) const’:
/home/abhilash/project/distributed-key-value-store/src/SchemaConfig.cpp:62:5: warning: control reaches end of non-void function [-Wreturn-type]
   62 |     }
      |     ^
/home/abhilash/project/distributed-key-value-store/src/InMemoryKVstore.cpp: In member function ‘virtual std::optional<Record> InMemoryKVStore::get(const std::string&) const’:
/home/abhilash/project/distributed-key-value-store/src/InMemoryKVstore.cpp:41:1: warning: control reaches end of non-void function [-Wreturn-type]
   41 | }
      | ^
[ 84%] Linking CXX static library libkvstore.a
[ 84%] Built target kvstore
[ 92%] Building CXX object CMakeFiles/kvstore_app.dir/test/main.cpp.o
[100%] Linking CXX executable kvstore_app
[100%] Built target kvstore_app

Running with files:
 /home/abhilash/project/distributed-key-value-store/data/data5.csv /home/abhilash/project/distributed-key-value-store/data/data6.csv /home/abhilash/project/distributed-key-value-store/data/data7.csv /home/abhilash/project/distributed-key-value-store/data/data8.csv


========== Processing Network ==========

==================================================
              Network Statistics
==================================================
Packets Sent      : 2000
Packets Received  : 2000
Packets Pending   : 0
Active Queues     : 8
Network Status    : HEALTHY
==================================================

==================================================
              Ownership Report
==================================================

Node 0
--------------------------
Owned Records : 224

EMP1650
EMP1644
EMP1613
EMP1584
EMP1556
EMP1554
EMP1531
EMP1506
EMP1496
EMP1484
EMP1580
EMP1459
EMP1458
EMP1607
EMP1447
EMP1431
EMP1365
EMP1359
EMP1348
EMP1319
EMP1261
EMP1596
EMP1229
EMP1225
EMP1357
EMP1220
EMP1218
EMP1210
EMP1187
EMP1169
EMP1159
EMP1544
EMP1140
EMP1133
EMP1130
EMP1125
EMP1095
EMP1093
EMP1073
EMP1065
EMP1056
EMP1569
EMP1144
EMP1055
EMP1696
EMP1048
EMP1046
EMP1293
EMP1044
EMP1030
EMP1440
EMP1028
EMP1448
EMP1014
EMP1592
EMP1013
EMP1124
EMP1003
EMP0482
EMP0474
EMP0886
EMP0462
EMP1314
EMP0211
EMP0437
EMP0215
EMP1628
EMP0402
EMP1303
EMP0394
EMP0463
EMP0383
EMP0379
EMP0556
EMP0842
EMP0561
EMP1485
EMP0355
EMP0351
EMP1350
EMP0308
EMP1545
EMP1196
EMP0086
EMP0608
EMP0360
EMP1304
EMP0515
EMP0391
EMP0991
EMP1471
EMP0420
EMP0204
EMP1525
EMP0045
EMP0319
EMP0116
EMP0764
EMP1475
EMP1141
EMP0294
EMP0080
EMP1589
EMP1313
EMP0704
EMP0756
EMP1164
EMP0224
EMP1656
EMP1195
EMP0084
EMP1190
EMP0009
EMP0644
EMP0931
EMP0236
EMP0513
EMP0016
EMP0445
EMP0012
EMP0700
EMP0443
EMP0004
EMP0398
EMP0104
EMP0807
EMP0411
EMP0005
EMP1643
EMP0055
EMP1661
EMP0152
EMP0936
EMP0146
EMP0151
EMP0494
EMP0954
EMP0231
EMP0721
EMP0833
EMP0190
EMP1306
EMP1186
EMP1107
EMP0039
EMP0960
EMP0210
EMP1635
EMP1257
EMP1151
EMP0467
EMP0673
EMP1408
EMP0299
EMP0419
EMP0226
EMP1560
EMP1250
EMP1064
EMP0251
EMP0244
EMP0499
EMP0733
EMP0500
EMP0504
EMP1668
EMP0519
EMP0522
EMP0534
EMP1061
EMP0455
EMP0544
EMP0617
EMP0487
EMP0574
EMP0587
EMP1587
EMP0599
EMP0927
EMP0958
EMP0490
EMP0600
EMP0693
EMP0604
EMP0972
EMP0885
EMP1118
EMP0483
EMP0611
EMP0638
EMP1167
EMP0755
EMP0656
EMP0657
EMP0830
EMP0662
EMP0674
EMP0678
EMP0798
EMP0732
EMP1033
EMP0737
EMP0356
EMP0362
EMP0749
EMP0167
EMP0951
EMP0192
EMP0754
EMP0070
EMP0763
EMP0831
EMP0629
EMP0836
EMP1026
EMP0743
EMP0837
EMP1403
EMP0914
EMP0562
EMP0884
EMP1232
EMP0902
EMP0917

Node 1
--------------------------
Owned Records : 207

EMP1687
EMP1665
EMP1653
EMP1624
EMP1620
EMP1616
EMP1615
EMP1614
EMP1700
EMP1586
EMP1578
EMP1563
EMP1520
EMP1518
EMP1511
EMP1449
EMP1419
EMP1622
EMP1406
EMP1397
EMP1364
EMP1363
EMP1362
EMP1358
EMP1347
EMP1345
EMP1337
EMP1334
EMP1331
EMP1281
EMP1389
EMP1260
EMP1435
EMP1382
EMP1235
EMP1200
EMP1166
EMP1149
EMP1576
EMP1139
EMP1557
EMP1312
EMP1121
EMP1114
EMP1100
EMP1089
EMP1078
EMP1074
EMP1072
EMP1054
EMP0890
EMP0449
EMP0794
EMP0404
EMP0284
EMP0354
EMP1550
EMP0978
EMP0397
EMP1401
EMP0659
EMP0345
EMP0681
EMP0336
EMP0334
EMP0332
EMP1325
EMP0297
EMP0021
EMP0262
EMP1517
EMP0882
EMP1658
EMP0093
EMP1697
EMP0216
EMP0577
EMP0854
EMP0289
EMP0492
EMP0541
EMP1077
EMP0645
EMP0205
EMP0144
EMP0131
EMP0409
EMP0925
EMP0742
EMP1038
EMP1581
EMP0075
EMP0995
EMP0062
EMP1433
EMP0171
EMP0094
EMP1509
EMP0040
EMP0421
EMP0702
EMP0112
EMP0816
EMP1436
EMP1273
EMP0549
EMP0341
EMP0460
EMP0270
EMP0038
EMP1561
EMP0111
EMP0466
EMP0781
EMP0337
EMP0174
EMP0069
EMP1695
EMP0057
EMP1132
EMP0263
EMP0521
EMP0137
EMP0433
EMP0957
EMP1549
EMP0155
EMP0381
EMP0532
EMP1031
EMP1662
EMP0082
EMP0237
EMP0118
EMP0473
EMP0388
EMP0101
EMP0145
EMP0175
EMP0119
EMP0181
EMP0428
EMP0707
EMP1333
EMP1099
EMP0182
EMP0495
EMP1094
EMP0503
EMP0533
EMP0701
EMP0557
EMP0982
EMP1434
EMP0569
EMP0601
EMP0573
EMP0905
EMP0579
EMP0595
EMP0920
EMP0292
EMP0279
EMP0615
EMP0113
EMP0633
EMP0649
EMP0653
EMP0666
EMP1538
EMP0677
EMP0183
EMP0685
EMP0686
EMP0465
EMP0715
EMP0729
EMP0753
EMP1204
EMP0773
EMP0029
EMP0774
EMP0802
EMP1262
EMP1015
EMP0806
EMP0596
EMP0808
EMP0129
EMP0850
EMP1418
EMP0545
EMP0994
EMP1294
EMP0869
EMP0981
EMP0897
EMP1683
EMP0906
EMP1602
EMP0071
EMP0940
EMP0946
EMP1231
EMP1170
EMP0986
EMP1047

Node 2
--------------------------
Owned Records : 246

EMP1693
EMP1689
EMP1686
EMP1684
EMP1666
EMP1651
EMP1638
EMP1617
EMP1627
EMP1608
EMP1605
EMP1599
EMP1591
EMP1546
EMP1527
EMP1503
EMP1494
EMP1474
EMP1439
EMP1428
EMP1379
EMP1372
EMP1370
EMP1367
EMP1489
EMP1341
EMP1339
EMP1323
EMP1297
EMP1296
EMP1295
EMP1291
EMP1279
EMP1378
EMP1278
EMP1272
EMP1248
EMP1233
EMP1478
EMP1230
EMP1226
EMP1223
EMP1222
EMP1491
EMP1211
EMP1174
EMP1463
EMP1165
EMP1156
EMP1155
EMP1154
EMP1128
EMP1111
EMP1088
EMP1075
EMP1070
EMP1066
EMP1609
EMP1060
EMP1466
EMP1051
EMP1185
EMP1049
EMP1021
EMP1468
EMP1018
EMP1011
EMP1009
EMP1005
EMP0983
EMP0979
EMP1268
EMP0971
EMP0928
EMP0910
EMP1332
EMP0903
EMP0874
EMP0867
EMP0363
EMP1395
EMP0124
EMP1327
EMP0260
EMP0105
EMP1551
EMP1519
EMP0321
EMP0785
EMP0302
EMP0370
EMP0102
EMP0788
EMP0846
EMP0276
EMP1398
EMP0637
EMP0273
EMP0839
EMP0254
EMP0375
EMP0536
EMP0339
EMP0252
EMP1209
EMP0239
EMP0728
EMP0264
EMP1555
EMP0209
EMP1445
EMP1032
EMP0258
EMP0491
EMP0518
EMP1660
EMP0202
EMP0358
EMP0050
EMP1442
EMP0074
EMP0189
EMP0305
EMP1123
EMP1085
EMP0184
EMP1004
EMP0632
EMP1309
EMP0317
EMP0692
EMP0348
EMP1162
EMP0042
EMP0758
EMP0043
EMP1288
EMP0314
EMP1691
EMP1353
EMP0665
EMP0067
EMP0024
EMP1071
EMP0372
EMP0709
EMP1633
EMP0879
EMP0097
EMP0002
EMP1322
EMP0797
EMP0154
EMP0760
EMP0778
EMP0865
EMP1467
EMP0048
EMP1285
EMP0017
EMP0365
EMP1438
EMP1267
EMP1086
EMP0625
EMP0065
EMP0669
EMP1152
EMP1057
EMP0880
EMP0117
EMP0647
EMP0136
EMP0218
EMP0108
EMP0843
EMP0170
EMP0051
EMP0810
EMP0570
EMP0011
EMP0390
EMP1698
EMP0664
EMP0405
EMP0407
EMP0909
EMP0353
EMP0197
EMP0448
EMP0414
EMP0930
EMP0780
EMP0106
EMP0823
EMP0436
EMP0195
EMP0442
EMP0160
EMP0453
EMP0454
EMP1454
EMP0364
EMP0643
EMP0110
EMP0138
EMP0477
EMP1192
EMP0496
EMP0641
EMP0497
EMP0950
EMP0528
EMP0076
EMP0848
EMP0531
EMP1465
EMP0468
EMP0543
EMP0548
EMP0580
EMP0650
EMP0589
EMP0109
EMP0690
EMP0592
EMP0639
EMP0676
EMP0614
EMP0628
EMP0748
EMP1282
EMP0670
EMP0671
EMP0675
EMP0689
EMP0014
EMP0142
EMP0695
EMP0814
EMP0439
EMP0718
EMP1298
EMP0726
EMP0730
EMP0790

Node 3
--------------------------
Owned Records : 186

EMP1699
EMP1694
EMP1676
EMP1675
EMP1674
EMP1671
EMP1621
EMP1582
EMP1579
EMP1574
EMP1543
EMP1542
EMP1539
EMP1537
EMP1523
EMP1516
EMP1513
EMP1502
EMP1499
EMP1469
EMP1460
EMP1423
EMP1369
EMP1360
EMP1321
EMP1301
EMP1277
EMP1276
EMP1242
EMP1239
EMP1236
EMP1212
EMP1168
EMP1568
EMP1251
EMP0095
EMP1338
EMP0441
EMP0434
EMP0431
EMP1181
EMP0034
EMP1677
EMP0416
EMP1641
EMP1265
EMP0440
EMP0223
EMP0904
EMP0590
EMP1472
EMP0663
EMP0976
EMP0514
EMP1477
EMP0343
EMP1136
EMP0338
EMP0469
EMP1534
EMP0751
EMP0331
EMP0399
EMP0324
EMP1286
EMP1108
EMP0304
EMP1462
EMP0290
EMP1084
EMP0288
EMP0199
EMP0901
EMP0283
EMP0280
EMP0552
EMP0206
EMP0187
EMP0493
EMP0377
EMP1667
EMP0064
EMP0396
EMP0026
EMP0033
EMP0943
EMP0090
EMP0031
EMP0243
EMP0452
EMP0820
EMP0366
EMP0046
EMP0291
EMP0584
EMP0395
EMP1040
EMP0417
EMP0340
EMP0150
EMP0186
EMP1284
EMP0309
EMP0959
EMP0053
EMP0147
EMP0164
EMP1637
EMP0741
EMP0868
EMP0840
EMP0875
EMP0887
EMP0107
EMP0193
EMP0967
EMP0369
EMP0230
EMP0234
EMP0238
EMP1536
EMP0246
EMP1344
EMP1069
EMP0847
EMP0272
EMP1386
EMP0126
EMP0517
EMP1479
EMP0058
EMP0527
EMP0853
EMP0735
EMP0539
EMP0555
EMP1343
EMP0582
EMP1533
EMP0804
EMP0619
EMP1219
EMP0699
EMP1355
EMP0691
EMP0265
EMP0694
EMP1412
EMP1017
EMP0708
EMP0712
EMP1593
EMP0722
EMP0130
EMP0736
EMP0771
EMP1025
EMP0767
EMP0775
EMP1266
EMP0777
EMP0752
EMP1034
EMP0782
EMP0984
EMP0791
EMP0893
EMP0451
EMP0801
EMP0857
EMP1091
EMP0359
EMP0697
EMP0876
EMP0877
EMP0895
EMP0916
EMP0999
EMP1008
EMP0921
EMP0938
EMP0862
EMP0987
EMP1112
EMP0540
EMP1122

Node 4
--------------------------
Owned Records : 206

EMP1681
EMP1663
EMP1657
EMP1652
EMP1636
EMP1664
EMP1564
EMP1559
EMP1547
EMP1540
EMP1604
EMP1500
EMP1493
EMP1487
EMP1483
EMP1473
EMP1461
EMP1453
EMP1451
EMP1446
EMP1444
EMP1529
EMP1426
EMP1457
EMP1400
EMP1383
EMP1361
EMP1352
EMP1336
EMP1317
EMP1606
EMP1307
EMP1263
EMP1283
EMP1254
EMP1672
EMP1253
EMP1247
EMP1193
EMP1184
EMP1183
EMP1302
EMP1182
EMP1173
EMP1157
EMP1146
EMP1224
EMP1135
EMP1634
EMP0240
EMP0613
EMP1631
EMP0378
EMP0295
EMP0667
EMP0856
EMP0924
EMP1191
EMP0429
EMP0059
EMP0361
EMP1510
EMP0344
EMP0257
EMP0389
EMP0316
EMP1501
EMP1287
EMP0306
EMP0229
EMP0219
EMP0311
EMP1024
EMP0373
EMP0213
EMP0720
EMP1036
EMP1490
EMP0382
EMP0003
EMP0200
EMP1507
EMP0683
EMP0083
EMP0161
EMP0068
EMP0030
EMP0975
EMP0412
EMP0651
EMP0825
EMP0734
EMP0241
EMP1456
EMP0456
EMP0393
EMP1052
EMP0668
EMP0007
EMP0566
EMP0655
EMP1647
EMP1504
EMP0037
EMP0435
EMP0157
EMP1553
EMP1514
EMP0035
EMP0235
EMP0609
EMP1390
EMP0233
EMP0025
EMP0327
EMP1172
EMP0006
EMP0450
EMP0634
EMP0485
EMP1006
EMP1524
EMP1522
EMP1429
EMP0301
EMP0501
EMP0747
EMP0169
EMP1241
EMP1201
EMP0079
EMP1076
EMP0001
EMP1199
EMP0091
EMP0133
EMP0087
EMP1270
EMP0099
EMP0547
EMP0132
EMP0610
EMP1259
EMP0222
EMP0077
EMP0512
EMP0148
EMP0481
EMP0559
EMP0863
EMP1330
EMP1147
EMP0530
EMP0535
EMP0738
EMP0576
EMP0947
EMP0621
EMP1625
EMP0162
EMP0631
EMP0941
EMP0635
EMP0714
EMP1007
EMP0740
EMP0828
EMP0731
EMP0745
EMP0019
EMP0762
EMP0792
EMP0935
EMP0799
EMP1197
EMP0422
EMP0888
EMP0089
EMP0800
EMP0049
EMP0805
EMP0963
EMP0834
EMP0889
EMP1335
EMP0245
EMP0212
EMP0896
EMP0923
EMP0939
EMP0516
EMP0985
EMP0964
EMP0864
EMP1120
EMP1632
EMP0249
EMP0008
EMP0968
EMP1012
EMP1577
EMP0607
EMP1037
EMP1045
EMP1415
EMP1113

Node 5
--------------------------
Owned Records : 204

EMP1682
EMP1645
EMP1626
EMP1611
EMP1669
EMP1610
EMP1601
EMP1566
EMP1565
EMP1558
EMP1532
EMP1552
EMP1528
EMP1515
EMP1505
EMP1488
EMP1482
EMP1476
EMP1470
EMP1432
EMP1414
EMP1409
EMP1405
EMP1396
EMP1670
EMP1392
EMP1692
EMP1387
EMP1368
EMP1340
EMP1328
EMP1324
EMP1318
EMP1315
EMP1308
EMP1271
EMP1244
EMP1238
EMP1228
EMP1216
EMP1207
EMP1175
EMP1163
EMP1134
EMP1129
EMP1127
EMP1137
EMP1104
EMP1090
EMP1082
EMP1035
EMP1215
EMP1203
EMP1029
EMP0489
EMP0750
EMP0480
EMP0470
EMP1292
EMP0426
EMP1290
EMP0423
EMP1548
EMP0413
EMP1618
EMP0974
EMP0400
EMP1495
EMP0525
EMP0384
EMP0630
EMP0761
EMP0376
EMP0178
EMP0357
EMP1042
EMP0510
EMP0349
EMP0953
EMP1177
EMP0320
EMP1508
EMP0682
EMP0342
EMP0253
EMP1590
EMP0114
EMP0318
EMP0278
EMP0277
EMP0581
EMP0680
EMP1217
EMP0261
EMP0123
EMP0591
EMP0061
EMP0227
EMP1402
EMP0078
EMP0330
EMP0298
EMP0812
EMP0484
EMP1366
EMP0688
EMP0386
EMP0620
EMP0127
EMP0115
EMP0883
EMP0036
EMP1016
EMP0085
EMP0135
EMP0015
EMP0022
EMP0023
EMP0255
EMP0201
EMP0380
EMP0325
EMP0827
EMP0153
EMP0385
EMP0822
EMP0757
EMP0032
EMP1275
EMP1000
EMP0191
EMP1393
EMP0214
EMP0759
EMP0520
EMP1063
EMP0551
EMP0329
EMP0524
EMP0538
EMP0542
EMP1067
EMP0179
EMP0911
EMP0998
EMP0593
EMP0603
EMP1053
EMP0247
EMP0606
EMP1062
EMP0646
EMP0648
EMP0703
EMP1171
EMP0568
EMP0550
EMP0829
EMP1575
EMP0706
EMP0723
EMP0018
EMP0990
EMP0188
EMP0739
EMP0813
EMP0088
EMP0746
EMP0898
EMP0627
EMP0425
EMP0803
EMP0368
EMP0838
EMP0873
EMP0476
EMP0913
EMP0892
EMP0424
EMP0912
EMP1326
EMP0507
EMP0894
EMP0962
EMP0578
EMP0776
EMP0900
EMP0915
EMP0125
EMP0934
EMP1050
EMP0977
EMP0988
EMP0508
EMP0989
EMP0141
EMP0996
EMP0997
EMP0143
EMP1020
EMP1320
EMP0871
EMP1022
EMP1023

Node 6
--------------------------
Owned Records : 203

EMP1690
EMP1648
EMP1639
EMP1603
EMP1526
EMP1452
EMP1430
EMP1422
EMP1410
EMP1381
EMP1380
EMP1377
EMP1680
EMP1374
EMP1351
EMP1685
EMP1349
EMP1346
EMP1342
EMP1375
EMP1305
EMP1300
EMP1299
EMP1274
EMP1571
EMP1249
EMP1245
EMP1202
EMP1198
EMP1194
EMP1188
EMP1178
EMP1176
EMP1161
EMP1258
EMP1145
EMP1142
EMP1138
EMP1673
EMP1131
EMP1117
EMP1102
EMP1087
EMP0287
EMP0410
EMP0860
EMP0367
EMP0401
EMP1081
EMP0908
EMP0326
EMP0313
EMP0286
EMP0285
EMP0172
EMP0293
EMP1492
EMP0922
EMP1416
EMP0250
EMP1404
EMP0597
EMP0919
EMP1213
EMP0232
EMP0228
EMP1097
EMP0092
EMP0072
EMP0966
EMP0949
EMP0220
EMP1205
EMP0041
EMP0098
EMP0430
EMP1043
EMP0973
EMP0415
EMP0158
EMP0328
EMP0221
EMP1464
EMP0281
EMP0060
EMP0177
EMP1497
EMP0196
EMP0063
EMP1411
EMP0821
EMP0719
EMP0724
EMP0275
EMP1252
EMP0047
EMP1659
EMP1083
EMP0081
EMP0096
EMP0054
EMP1570
EMP0028
EMP0815
EMP0176
EMP0588
EMP0312
EMP0020
EMP0166
EMP0120
EMP0194
EMP0122
EMP1623
EMP1481
EMP0165
EMP0444
EMP0866
EMP0929
EMP0134
EMP0168
EMP0159
EMP1450
EMP0248
EMP0789
EMP0408
EMP0616
EMP0793
EMP0198
EMP0447
EMP0932
EMP0612
EMP0937
EMP1413
EMP0479
EMP0185
EMP0498
EMP1443
EMP0350
EMP0509
EMP0347
EMP0546
EMP1455
EMP0861
EMP1421
EMP0571
EMP1027
EMP0585
EMP0642
EMP1679
EMP0488
EMP0652
EMP0684
EMP0965
EMP0713
EMP0446
EMP0717
EMP1153
EMP0346
EMP0575
EMP0725
EMP0506
EMP0765
EMP1158
EMP0944
EMP0769
EMP1441
EMP0432
EMP0783
EMP1234
EMP0784
EMP0849
EMP0066
EMP0970
EMP0786
EMP0529
EMP0796
EMP0819
EMP1214
EMP0459
EMP0824
EMP1600
EMP1079
EMP0855
EMP1588
EMP0858
EMP0268
EMP0303
EMP0859
EMP1597
EMP0335
EMP0282
EMP0870
EMP1246
EMP0878
EMP1001
EMP0768
EMP0881
EMP0716
EMP0926
EMP0933
EMP0961
EMP1002
EMP1039

Node 7
--------------------------
Owned Records : 224

EMP1655
EMP1654
EMP1646
EMP1640
EMP1630
EMP1619
EMP1612
EMP1598
EMP1594
EMP1585
EMP1573
EMP1572
EMP1521
EMP1512
EMP1486
EMP1480
EMP1427
EMP1420
EMP1407
EMP1385
EMP1384
EMP1376
EMP1373
EMP1356
EMP1329
EMP1311
EMP1310
EMP1269
EMP1264
EMP1256
EMP1255
EMP1240
EMP1237
EMP1206
EMP1391
EMP1180
EMP1189
EMP1150
EMP1126
EMP1116
EMP1098
EMP1096
EMP1080
EMP1068
EMP1059
EMP1010
EMP1105
EMP0980
EMP0969
EMP1115
EMP0956
EMP1058
EMP0955
EMP0472
EMP0502
EMP0461
EMP0624
EMP1583
EMP1280
EMP0779
EMP1371
EMP1243
EMP0705
EMP0403
EMP0352
EMP0322
EMP0679
EMP0374
EMP0554
EMP0300
EMP0217
EMP0296
EMP0486
EMP1688
EMP0208
EMP0163
EMP0271
EMP0149
EMP1595
EMP0618
EMP0140
EMP0478
EMP0526
EMP0128
EMP0418
EMP0992
EMP0259
EMP0139
EMP1530
EMP1394
EMP0121
EMP0770
EMP1160
EMP0899
EMP0073
EMP0056
EMP0387
EMP0511
EMP0661
EMP1642
EMP0406
EMP0052
EMP0626
EMP1041
EMP0438
EMP1354
EMP1148
EMP0027
EMP0013
EMP0269
EMP0835
EMP0948
EMP0852
EMP1109
EMP0307
EMP0323
EMP0505
EMP1562
EMP0872
EMP1424
EMP1417
EMP1388
EMP1110
EMP0242
EMP0333
EMP1143
EMP0392
EMP0100
EMP0274
EMP0156
EMP0207
EMP1535
EMP1437
EMP0464
EMP0203
EMP0225
EMP0594
EMP1119
EMP1019
EMP0598
EMP1629
EMP1399
EMP0310
EMP0654
EMP0841
EMP0371
EMP0103
EMP0173
EMP0044
EMP0623
EMP0458
EMP0537
EMP0267
EMP0010
EMP0523
EMP0826
EMP1106
EMP0553
EMP0180
EMP0558
EMP1227
EMP0560
EMP0563
EMP0772
EMP0744
EMP0564
EMP0565
EMP1498
EMP0586
EMP0640
EMP0567
EMP0687
EMP1678
EMP1103
EMP0266
EMP0832
EMP0952
EMP0583
EMP1425
EMP1221
EMP0602
EMP0918
EMP0572
EMP0605
EMP0315
EMP0471
EMP0622
EMP1092
EMP0658
EMP1649
EMP0993
EMP0660
EMP0696
EMP0672
EMP0698
EMP0457
EMP0710
EMP1567
EMP0711
EMP1289
EMP0727
EMP0787
EMP0766
EMP1316
EMP0795
EMP1208
EMP0945
EMP0809
EMP0811
EMP1179
EMP0817
EMP0818
EMP0256
EMP0844
EMP1541
EMP0845
EMP0851
EMP0427
EMP0891
EMP0475
EMP0907
EMP1101
EMP0636
EMP0942

==================================================
          Ownership Verification
==================================================
EMP1650      -> Expected Node 0 | Actual Node 0 : PASS
EMP1644      -> Expected Node 0 | Actual Node 0 : PASS
EMP1613      -> Expected Node 0 | Actual Node 0 : PASS
EMP1584      -> Expected Node 0 | Actual Node 0 : PASS
EMP1556      -> Expected Node 0 | Actual Node 0 : PASS
EMP1554      -> Expected Node 0 | Actual Node 0 : PASS
EMP1531      -> Expected Node 0 | Actual Node 0 : PASS
EMP1506      -> Expected Node 0 | Actual Node 0 : PASS
EMP1496      -> Expected Node 0 | Actual Node 0 : PASS
EMP1484      -> Expected Node 0 | Actual Node 0 : PASS
EMP1580      -> Expected Node 0 | Actual Node 0 : PASS
EMP1459      -> Expected Node 0 | Actual Node 0 : PASS
EMP1458      -> Expected Node 0 | Actual Node 0 : PASS
EMP1607      -> Expected Node 0 | Actual Node 0 : PASS
EMP1447      -> Expected Node 0 | Actual Node 0 : PASS
EMP1431      -> Expected Node 0 | Actual Node 0 : PASS
EMP1365      -> Expected Node 0 | Actual Node 0 : PASS
EMP1359      -> Expected Node 0 | Actual Node 0 : PASS
EMP1348      -> Expected Node 0 | Actual Node 0 : PASS
EMP1319      -> Expected Node 0 | Actual Node 0 : PASS
EMP1261      -> Expected Node 0 | Actual Node 0 : PASS
EMP1596      -> Expected Node 0 | Actual Node 0 : PASS
EMP1229      -> Expected Node 0 | Actual Node 0 : PASS
EMP1225      -> Expected Node 0 | Actual Node 0 : PASS
EMP1357      -> Expected Node 0 | Actual Node 0 : PASS
EMP1220      -> Expected Node 0 | Actual Node 0 : PASS
EMP1218      -> Expected Node 0 | Actual Node 0 : PASS
EMP1210      -> Expected Node 0 | Actual Node 0 : PASS
EMP1187      -> Expected Node 0 | Actual Node 0 : PASS
EMP1169      -> Expected Node 0 | Actual Node 0 : PASS
EMP1159      -> Expected Node 0 | Actual Node 0 : PASS
EMP1544      -> Expected Node 0 | Actual Node 0 : PASS
EMP1140      -> Expected Node 0 | Actual Node 0 : PASS
EMP1133      -> Expected Node 0 | Actual Node 0 : PASS
EMP1130      -> Expected Node 0 | Actual Node 0 : PASS
EMP1125      -> Expected Node 0 | Actual Node 0 : PASS
EMP1095      -> Expected Node 0 | Actual Node 0 : PASS
EMP1093      -> Expected Node 0 | Actual Node 0 : PASS
EMP1073      -> Expected Node 0 | Actual Node 0 : PASS
EMP1065      -> Expected Node 0 | Actual Node 0 : PASS
EMP1056      -> Expected Node 0 | Actual Node 0 : PASS
EMP1569      -> Expected Node 0 | Actual Node 0 : PASS
EMP1144      -> Expected Node 0 | Actual Node 0 : PASS
EMP1055      -> Expected Node 0 | Actual Node 0 : PASS
EMP1696      -> Expected Node 0 | Actual Node 0 : PASS
EMP1048      -> Expected Node 0 | Actual Node 0 : PASS
EMP1046      -> Expected Node 0 | Actual Node 0 : PASS
EMP1293      -> Expected Node 0 | Actual Node 0 : PASS
EMP1044      -> Expected Node 0 | Actual Node 0 : PASS
EMP1030      -> Expected Node 0 | Actual Node 0 : PASS
EMP1440      -> Expected Node 0 | Actual Node 0 : PASS
EMP1028      -> Expected Node 0 | Actual Node 0 : PASS
EMP1448      -> Expected Node 0 | Actual Node 0 : PASS
EMP1014      -> Expected Node 0 | Actual Node 0 : PASS
EMP1592      -> Expected Node 0 | Actual Node 0 : PASS
EMP1013      -> Expected Node 0 | Actual Node 0 : PASS
EMP1124      -> Expected Node 0 | Actual Node 0 : PASS
EMP1003      -> Expected Node 0 | Actual Node 0 : PASS
EMP0482      -> Expected Node 0 | Actual Node 0 : PASS
EMP0474      -> Expected Node 0 | Actual Node 0 : PASS
EMP0886      -> Expected Node 0 | Actual Node 0 : PASS
EMP0462      -> Expected Node 0 | Actual Node 0 : PASS
EMP1314      -> Expected Node 0 | Actual Node 0 : PASS
EMP0211      -> Expected Node 0 | Actual Node 0 : PASS
EMP0437      -> Expected Node 0 | Actual Node 0 : PASS
EMP0215      -> Expected Node 0 | Actual Node 0 : PASS
EMP1628      -> Expected Node 0 | Actual Node 0 : PASS
EMP0402      -> Expected Node 0 | Actual Node 0 : PASS
EMP1303      -> Expected Node 0 | Actual Node 0 : PASS
EMP0394      -> Expected Node 0 | Actual Node 0 : PASS
EMP0463      -> Expected Node 0 | Actual Node 0 : PASS
EMP0383      -> Expected Node 0 | Actual Node 0 : PASS
EMP0379      -> Expected Node 0 | Actual Node 0 : PASS
EMP0556      -> Expected Node 0 | Actual Node 0 : PASS
EMP0842      -> Expected Node 0 | Actual Node 0 : PASS
EMP0561      -> Expected Node 0 | Actual Node 0 : PASS
EMP1485      -> Expected Node 0 | Actual Node 0 : PASS
EMP0355      -> Expected Node 0 | Actual Node 0 : PASS
EMP0351      -> Expected Node 0 | Actual Node 0 : PASS
EMP1350      -> Expected Node 0 | Actual Node 0 : PASS
EMP0308      -> Expected Node 0 | Actual Node 0 : PASS
EMP1545      -> Expected Node 0 | Actual Node 0 : PASS
EMP1196      -> Expected Node 0 | Actual Node 0 : PASS
EMP0086      -> Expected Node 0 | Actual Node 0 : PASS
EMP0608      -> Expected Node 0 | Actual Node 0 : PASS
EMP0360      -> Expected Node 0 | Actual Node 0 : PASS
EMP1304      -> Expected Node 0 | Actual Node 0 : PASS
EMP0515      -> Expected Node 0 | Actual Node 0 : PASS
EMP0391      -> Expected Node 0 | Actual Node 0 : PASS
EMP0991      -> Expected Node 0 | Actual Node 0 : PASS
EMP1471      -> Expected Node 0 | Actual Node 0 : PASS
EMP0420      -> Expected Node 0 | Actual Node 0 : PASS
EMP0204      -> Expected Node 0 | Actual Node 0 : PASS
EMP1525      -> Expected Node 0 | Actual Node 0 : PASS
EMP0045      -> Expected Node 0 | Actual Node 0 : PASS
EMP0319      -> Expected Node 0 | Actual Node 0 : PASS
EMP0116      -> Expected Node 0 | Actual Node 0 : PASS
EMP0764      -> Expected Node 0 | Actual Node 0 : PASS
EMP1475      -> Expected Node 0 | Actual Node 0 : PASS
EMP1141      -> Expected Node 0 | Actual Node 0 : PASS
EMP0294      -> Expected Node 0 | Actual Node 0 : PASS
EMP0080      -> Expected Node 0 | Actual Node 0 : PASS
EMP1589      -> Expected Node 0 | Actual Node 0 : PASS
EMP1313      -> Expected Node 0 | Actual Node 0 : PASS
EMP0704      -> Expected Node 0 | Actual Node 0 : PASS
EMP0756      -> Expected Node 0 | Actual Node 0 : PASS
EMP1164      -> Expected Node 0 | Actual Node 0 : PASS
EMP0224      -> Expected Node 0 | Actual Node 0 : PASS
EMP1656      -> Expected Node 0 | Actual Node 0 : PASS
EMP1195      -> Expected Node 0 | Actual Node 0 : PASS
EMP0084      -> Expected Node 0 | Actual Node 0 : PASS
EMP1190      -> Expected Node 0 | Actual Node 0 : PASS
EMP0009      -> Expected Node 0 | Actual Node 0 : PASS
EMP0644      -> Expected Node 0 | Actual Node 0 : PASS
EMP0931      -> Expected Node 0 | Actual Node 0 : PASS
EMP0236      -> Expected Node 0 | Actual Node 0 : PASS
EMP0513      -> Expected Node 0 | Actual Node 0 : PASS
EMP0016      -> Expected Node 0 | Actual Node 0 : PASS
EMP0445      -> Expected Node 0 | Actual Node 0 : PASS
EMP0012      -> Expected Node 0 | Actual Node 0 : PASS
EMP0700      -> Expected Node 0 | Actual Node 0 : PASS
EMP0443      -> Expected Node 0 | Actual Node 0 : PASS
EMP0004      -> Expected Node 0 | Actual Node 0 : PASS
EMP0398      -> Expected Node 0 | Actual Node 0 : PASS
EMP0104      -> Expected Node 0 | Actual Node 0 : PASS
EMP0807      -> Expected Node 0 | Actual Node 0 : PASS
EMP0411      -> Expected Node 0 | Actual Node 0 : PASS
EMP0005      -> Expected Node 0 | Actual Node 0 : PASS
EMP1643      -> Expected Node 0 | Actual Node 0 : PASS
EMP0055      -> Expected Node 0 | Actual Node 0 : PASS
EMP1661      -> Expected Node 0 | Actual Node 0 : PASS
EMP0152      -> Expected Node 0 | Actual Node 0 : PASS
EMP0936      -> Expected Node 0 | Actual Node 0 : PASS
EMP0146      -> Expected Node 0 | Actual Node 0 : PASS
EMP0151      -> Expected Node 0 | Actual Node 0 : PASS
EMP0494      -> Expected Node 0 | Actual Node 0 : PASS
EMP0954      -> Expected Node 0 | Actual Node 0 : PASS
EMP0231      -> Expected Node 0 | Actual Node 0 : PASS
EMP0721      -> Expected Node 0 | Actual Node 0 : PASS
EMP0833      -> Expected Node 0 | Actual Node 0 : PASS
EMP0190      -> Expected Node 0 | Actual Node 0 : PASS
EMP1306      -> Expected Node 0 | Actual Node 0 : PASS
EMP1186      -> Expected Node 0 | Actual Node 0 : PASS
EMP1107      -> Expected Node 0 | Actual Node 0 : PASS
EMP0039      -> Expected Node 0 | Actual Node 0 : PASS
EMP0960      -> Expected Node 0 | Actual Node 0 : PASS
EMP0210      -> Expected Node 0 | Actual Node 0 : PASS
EMP1635      -> Expected Node 0 | Actual Node 0 : PASS
EMP1257      -> Expected Node 0 | Actual Node 0 : PASS
EMP1151      -> Expected Node 0 | Actual Node 0 : PASS
EMP0467      -> Expected Node 0 | Actual Node 0 : PASS
EMP0673      -> Expected Node 0 | Actual Node 0 : PASS
EMP1408      -> Expected Node 0 | Actual Node 0 : PASS
EMP0299      -> Expected Node 0 | Actual Node 0 : PASS
EMP0419      -> Expected Node 0 | Actual Node 0 : PASS
EMP0226      -> Expected Node 0 | Actual Node 0 : PASS
EMP1560      -> Expected Node 0 | Actual Node 0 : PASS
EMP1250      -> Expected Node 0 | Actual Node 0 : PASS
EMP1064      -> Expected Node 0 | Actual Node 0 : PASS
EMP0251      -> Expected Node 0 | Actual Node 0 : PASS
EMP0244      -> Expected Node 0 | Actual Node 0 : PASS
EMP0499      -> Expected Node 0 | Actual Node 0 : PASS
EMP0733      -> Expected Node 0 | Actual Node 0 : PASS
EMP0500      -> Expected Node 0 | Actual Node 0 : PASS
EMP0504      -> Expected Node 0 | Actual Node 0 : PASS
EMP1668      -> Expected Node 0 | Actual Node 0 : PASS
EMP0519      -> Expected Node 0 | Actual Node 0 : PASS
EMP0522      -> Expected Node 0 | Actual Node 0 : PASS
EMP0534      -> Expected Node 0 | Actual Node 0 : PASS
EMP1061      -> Expected Node 0 | Actual Node 0 : PASS
EMP0455      -> Expected Node 0 | Actual Node 0 : PASS
EMP0544      -> Expected Node 0 | Actual Node 0 : PASS
EMP0617      -> Expected Node 0 | Actual Node 0 : PASS
EMP0487      -> Expected Node 0 | Actual Node 0 : PASS
EMP0574      -> Expected Node 0 | Actual Node 0 : PASS
EMP0587      -> Expected Node 0 | Actual Node 0 : PASS
EMP1587      -> Expected Node 0 | Actual Node 0 : PASS
EMP0599      -> Expected Node 0 | Actual Node 0 : PASS
EMP0927      -> Expected Node 0 | Actual Node 0 : PASS
EMP0958      -> Expected Node 0 | Actual Node 0 : PASS
EMP0490      -> Expected Node 0 | Actual Node 0 : PASS
EMP0600      -> Expected Node 0 | Actual Node 0 : PASS
EMP0693      -> Expected Node 0 | Actual Node 0 : PASS
EMP0604      -> Expected Node 0 | Actual Node 0 : PASS
EMP0972      -> Expected Node 0 | Actual Node 0 : PASS
EMP0885      -> Expected Node 0 | Actual Node 0 : PASS
EMP1118      -> Expected Node 0 | Actual Node 0 : PASS
EMP0483      -> Expected Node 0 | Actual Node 0 : PASS
EMP0611      -> Expected Node 0 | Actual Node 0 : PASS
EMP0638      -> Expected Node 0 | Actual Node 0 : PASS
EMP1167      -> Expected Node 0 | Actual Node 0 : PASS
EMP0755      -> Expected Node 0 | Actual Node 0 : PASS
EMP0656      -> Expected Node 0 | Actual Node 0 : PASS
EMP0657      -> Expected Node 0 | Actual Node 0 : PASS
EMP0830      -> Expected Node 0 | Actual Node 0 : PASS
EMP0662      -> Expected Node 0 | Actual Node 0 : PASS
EMP0674      -> Expected Node 0 | Actual Node 0 : PASS
EMP0678      -> Expected Node 0 | Actual Node 0 : PASS
EMP0798      -> Expected Node 0 | Actual Node 0 : PASS
EMP0732      -> Expected Node 0 | Actual Node 0 : PASS
EMP1033      -> Expected Node 0 | Actual Node 0 : PASS
EMP0737      -> Expected Node 0 | Actual Node 0 : PASS
EMP0356      -> Expected Node 0 | Actual Node 0 : PASS
EMP0362      -> Expected Node 0 | Actual Node 0 : PASS
EMP0749      -> Expected Node 0 | Actual Node 0 : PASS
EMP0167      -> Expected Node 0 | Actual Node 0 : PASS
EMP0951      -> Expected Node 0 | Actual Node 0 : PASS
EMP0192      -> Expected Node 0 | Actual Node 0 : PASS
EMP0754      -> Expected Node 0 | Actual Node 0 : PASS
EMP0070      -> Expected Node 0 | Actual Node 0 : PASS
EMP0763      -> Expected Node 0 | Actual Node 0 : PASS
EMP0831      -> Expected Node 0 | Actual Node 0 : PASS
EMP0629      -> Expected Node 0 | Actual Node 0 : PASS
EMP0836      -> Expected Node 0 | Actual Node 0 : PASS
EMP1026      -> Expected Node 0 | Actual Node 0 : PASS
EMP0743      -> Expected Node 0 | Actual Node 0 : PASS
EMP0837      -> Expected Node 0 | Actual Node 0 : PASS
EMP1403      -> Expected Node 0 | Actual Node 0 : PASS
EMP0914      -> Expected Node 0 | Actual Node 0 : PASS
EMP0562      -> Expected Node 0 | Actual Node 0 : PASS
EMP0884      -> Expected Node 0 | Actual Node 0 : PASS
EMP1232      -> Expected Node 0 | Actual Node 0 : PASS
EMP0902      -> Expected Node 0 | Actual Node 0 : PASS
EMP0917      -> Expected Node 0 | Actual Node 0 : PASS
EMP1687      -> Expected Node 1 | Actual Node 1 : PASS
EMP1665      -> Expected Node 1 | Actual Node 1 : PASS
EMP1653      -> Expected Node 1 | Actual Node 1 : PASS
EMP1624      -> Expected Node 1 | Actual Node 1 : PASS
EMP1620      -> Expected Node 1 | Actual Node 1 : PASS
EMP1616      -> Expected Node 1 | Actual Node 1 : PASS
EMP1615      -> Expected Node 1 | Actual Node 1 : PASS
EMP1614      -> Expected Node 1 | Actual Node 1 : PASS
EMP1700      -> Expected Node 1 | Actual Node 1 : PASS
EMP1586      -> Expected Node 1 | Actual Node 1 : PASS
EMP1578      -> Expected Node 1 | Actual Node 1 : PASS
EMP1563      -> Expected Node 1 | Actual Node 1 : PASS
EMP1520      -> Expected Node 1 | Actual Node 1 : PASS
EMP1518      -> Expected Node 1 | Actual Node 1 : PASS
EMP1511      -> Expected Node 1 | Actual Node 1 : PASS
EMP1449      -> Expected Node 1 | Actual Node 1 : PASS
EMP1419      -> Expected Node 1 | Actual Node 1 : PASS
EMP1622      -> Expected Node 1 | Actual Node 1 : PASS
EMP1406      -> Expected Node 1 | Actual Node 1 : PASS
EMP1397      -> Expected Node 1 | Actual Node 1 : PASS
EMP1364      -> Expected Node 1 | Actual Node 1 : PASS
EMP1363      -> Expected Node 1 | Actual Node 1 : PASS
EMP1362      -> Expected Node 1 | Actual Node 1 : PASS
EMP1358      -> Expected Node 1 | Actual Node 1 : PASS
EMP1347      -> Expected Node 1 | Actual Node 1 : PASS
EMP1345      -> Expected Node 1 | Actual Node 1 : PASS
EMP1337      -> Expected Node 1 | Actual Node 1 : PASS
EMP1334      -> Expected Node 1 | Actual Node 1 : PASS
EMP1331      -> Expected Node 1 | Actual Node 1 : PASS
EMP1281      -> Expected Node 1 | Actual Node 1 : PASS
EMP1389      -> Expected Node 1 | Actual Node 1 : PASS
EMP1260      -> Expected Node 1 | Actual Node 1 : PASS
EMP1435      -> Expected Node 1 | Actual Node 1 : PASS
EMP1382      -> Expected Node 1 | Actual Node 1 : PASS
EMP1235      -> Expected Node 1 | Actual Node 1 : PASS
EMP1200      -> Expected Node 1 | Actual Node 1 : PASS
EMP1166      -> Expected Node 1 | Actual Node 1 : PASS
EMP1149      -> Expected Node 1 | Actual Node 1 : PASS
EMP1576      -> Expected Node 1 | Actual Node 1 : PASS
EMP1139      -> Expected Node 1 | Actual Node 1 : PASS
EMP1557      -> Expected Node 1 | Actual Node 1 : PASS
EMP1312      -> Expected Node 1 | Actual Node 1 : PASS
EMP1121      -> Expected Node 1 | Actual Node 1 : PASS
EMP1114      -> Expected Node 1 | Actual Node 1 : PASS
EMP1100      -> Expected Node 1 | Actual Node 1 : PASS
EMP1089      -> Expected Node 1 | Actual Node 1 : PASS
EMP1078      -> Expected Node 1 | Actual Node 1 : PASS
EMP1074      -> Expected Node 1 | Actual Node 1 : PASS
EMP1072      -> Expected Node 1 | Actual Node 1 : PASS
EMP1054      -> Expected Node 1 | Actual Node 1 : PASS
EMP0890      -> Expected Node 1 | Actual Node 1 : PASS
EMP0449      -> Expected Node 1 | Actual Node 1 : PASS
EMP0794      -> Expected Node 1 | Actual Node 1 : PASS
EMP0404      -> Expected Node 1 | Actual Node 1 : PASS
EMP0284      -> Expected Node 1 | Actual Node 1 : PASS
EMP0354      -> Expected Node 1 | Actual Node 1 : PASS
EMP1550      -> Expected Node 1 | Actual Node 1 : PASS
EMP0978      -> Expected Node 1 | Actual Node 1 : PASS
EMP0397      -> Expected Node 1 | Actual Node 1 : PASS
EMP1401      -> Expected Node 1 | Actual Node 1 : PASS
EMP0659      -> Expected Node 1 | Actual Node 1 : PASS
EMP0345      -> Expected Node 1 | Actual Node 1 : PASS
EMP0681      -> Expected Node 1 | Actual Node 1 : PASS
EMP0336      -> Expected Node 1 | Actual Node 1 : PASS
EMP0334      -> Expected Node 1 | Actual Node 1 : PASS
EMP0332      -> Expected Node 1 | Actual Node 1 : PASS
EMP1325      -> Expected Node 1 | Actual Node 1 : PASS
EMP0297      -> Expected Node 1 | Actual Node 1 : PASS
EMP0021      -> Expected Node 1 | Actual Node 1 : PASS
EMP0262      -> Expected Node 1 | Actual Node 1 : PASS
EMP1517      -> Expected Node 1 | Actual Node 1 : PASS
EMP0882      -> Expected Node 1 | Actual Node 1 : PASS
EMP1658      -> Expected Node 1 | Actual Node 1 : PASS
EMP0093      -> Expected Node 1 | Actual Node 1 : PASS
EMP1697      -> Expected Node 1 | Actual Node 1 : PASS
EMP0216      -> Expected Node 1 | Actual Node 1 : PASS
EMP0577      -> Expected Node 1 | Actual Node 1 : PASS
EMP0854      -> Expected Node 1 | Actual Node 1 : PASS
EMP0289      -> Expected Node 1 | Actual Node 1 : PASS
EMP0492      -> Expected Node 1 | Actual Node 1 : PASS
EMP0541      -> Expected Node 1 | Actual Node 1 : PASS
EMP1077      -> Expected Node 1 | Actual Node 1 : PASS
EMP0645      -> Expected Node 1 | Actual Node 1 : PASS
EMP0205      -> Expected Node 1 | Actual Node 1 : PASS
EMP0144      -> Expected Node 1 | Actual Node 1 : PASS
EMP0131      -> Expected Node 1 | Actual Node 1 : PASS
EMP0409      -> Expected Node 1 | Actual Node 1 : PASS
EMP0925      -> Expected Node 1 | Actual Node 1 : PASS
EMP0742      -> Expected Node 1 | Actual Node 1 : PASS
EMP1038      -> Expected Node 1 | Actual Node 1 : PASS
EMP1581      -> Expected Node 1 | Actual Node 1 : PASS
EMP0075      -> Expected Node 1 | Actual Node 1 : PASS
EMP0995      -> Expected Node 1 | Actual Node 1 : PASS
EMP0062      -> Expected Node 1 | Actual Node 1 : PASS
EMP1433      -> Expected Node 1 | Actual Node 1 : PASS
EMP0171      -> Expected Node 1 | Actual Node 1 : PASS
EMP0094      -> Expected Node 1 | Actual Node 1 : PASS
EMP1509      -> Expected Node 1 | Actual Node 1 : PASS
EMP0040      -> Expected Node 1 | Actual Node 1 : PASS
EMP0421      -> Expected Node 1 | Actual Node 1 : PASS
EMP0702      -> Expected Node 1 | Actual Node 1 : PASS
EMP0112      -> Expected Node 1 | Actual Node 1 : PASS
EMP0816      -> Expected Node 1 | Actual Node 1 : PASS
EMP1436      -> Expected Node 1 | Actual Node 1 : PASS
EMP1273      -> Expected Node 1 | Actual Node 1 : PASS
EMP0549      -> Expected Node 1 | Actual Node 1 : PASS
EMP0341      -> Expected Node 1 | Actual Node 1 : PASS
EMP0460      -> Expected Node 1 | Actual Node 1 : PASS
EMP0270      -> Expected Node 1 | Actual Node 1 : PASS
EMP0038      -> Expected Node 1 | Actual Node 1 : PASS
EMP1561      -> Expected Node 1 | Actual Node 1 : PASS
EMP0111      -> Expected Node 1 | Actual Node 1 : PASS
EMP0466      -> Expected Node 1 | Actual Node 1 : PASS
EMP0781      -> Expected Node 1 | Actual Node 1 : PASS
EMP0337      -> Expected Node 1 | Actual Node 1 : PASS
EMP0174      -> Expected Node 1 | Actual Node 1 : PASS
EMP0069      -> Expected Node 1 | Actual Node 1 : PASS
EMP1695      -> Expected Node 1 | Actual Node 1 : PASS
EMP0057      -> Expected Node 1 | Actual Node 1 : PASS
EMP1132      -> Expected Node 1 | Actual Node 1 : PASS
EMP0263      -> Expected Node 1 | Actual Node 1 : PASS
EMP0521      -> Expected Node 1 | Actual Node 1 : PASS
EMP0137      -> Expected Node 1 | Actual Node 1 : PASS
EMP0433      -> Expected Node 1 | Actual Node 1 : PASS
EMP0957      -> Expected Node 1 | Actual Node 1 : PASS
EMP1549      -> Expected Node 1 | Actual Node 1 : PASS
EMP0155      -> Expected Node 1 | Actual Node 1 : PASS
EMP0381      -> Expected Node 1 | Actual Node 1 : PASS
EMP0532      -> Expected Node 1 | Actual Node 1 : PASS
EMP1031      -> Expected Node 1 | Actual Node 1 : PASS
EMP1662      -> Expected Node 1 | Actual Node 1 : PASS
EMP0082      -> Expected Node 1 | Actual Node 1 : PASS
EMP0237      -> Expected Node 1 | Actual Node 1 : PASS
EMP0118      -> Expected Node 1 | Actual Node 1 : PASS
EMP0473      -> Expected Node 1 | Actual Node 1 : PASS
EMP0388      -> Expected Node 1 | Actual Node 1 : PASS
EMP0101      -> Expected Node 1 | Actual Node 1 : PASS
EMP0145      -> Expected Node 1 | Actual Node 1 : PASS
EMP0175      -> Expected Node 1 | Actual Node 1 : PASS
EMP0119      -> Expected Node 1 | Actual Node 1 : PASS
EMP0181      -> Expected Node 1 | Actual Node 1 : PASS
EMP0428      -> Expected Node 1 | Actual Node 1 : PASS
EMP0707      -> Expected Node 1 | Actual Node 1 : PASS
EMP1333      -> Expected Node 1 | Actual Node 1 : PASS
EMP1099      -> Expected Node 1 | Actual Node 1 : PASS
EMP0182      -> Expected Node 1 | Actual Node 1 : PASS
EMP0495      -> Expected Node 1 | Actual Node 1 : PASS
EMP1094      -> Expected Node 1 | Actual Node 1 : PASS
EMP0503      -> Expected Node 1 | Actual Node 1 : PASS
EMP0533      -> Expected Node 1 | Actual Node 1 : PASS
EMP0701      -> Expected Node 1 | Actual Node 1 : PASS
EMP0557      -> Expected Node 1 | Actual Node 1 : PASS
EMP0982      -> Expected Node 1 | Actual Node 1 : PASS
EMP1434      -> Expected Node 1 | Actual Node 1 : PASS
EMP0569      -> Expected Node 1 | Actual Node 1 : PASS
EMP0601      -> Expected Node 1 | Actual Node 1 : PASS
EMP0573      -> Expected Node 1 | Actual Node 1 : PASS
EMP0905      -> Expected Node 1 | Actual Node 1 : PASS
EMP0579      -> Expected Node 1 | Actual Node 1 : PASS
EMP0595      -> Expected Node 1 | Actual Node 1 : PASS
EMP0920      -> Expected Node 1 | Actual Node 1 : PASS
EMP0292      -> Expected Node 1 | Actual Node 1 : PASS
EMP0279      -> Expected Node 1 | Actual Node 1 : PASS
EMP0615      -> Expected Node 1 | Actual Node 1 : PASS
EMP0113      -> Expected Node 1 | Actual Node 1 : PASS
EMP0633      -> Expected Node 1 | Actual Node 1 : PASS
EMP0649      -> Expected Node 1 | Actual Node 1 : PASS
EMP0653      -> Expected Node 1 | Actual Node 1 : PASS
EMP0666      -> Expected Node 1 | Actual Node 1 : PASS
EMP1538      -> Expected Node 1 | Actual Node 1 : PASS
EMP0677      -> Expected Node 1 | Actual Node 1 : PASS
EMP0183      -> Expected Node 1 | Actual Node 1 : PASS
EMP0685      -> Expected Node 1 | Actual Node 1 : PASS
EMP0686      -> Expected Node 1 | Actual Node 1 : PASS
EMP0465      -> Expected Node 1 | Actual Node 1 : PASS
EMP0715      -> Expected Node 1 | Actual Node 1 : PASS
EMP0729      -> Expected Node 1 | Actual Node 1 : PASS
EMP0753      -> Expected Node 1 | Actual Node 1 : PASS
EMP1204      -> Expected Node 1 | Actual Node 1 : PASS
EMP0773      -> Expected Node 1 | Actual Node 1 : PASS
EMP0029      -> Expected Node 1 | Actual Node 1 : PASS
EMP0774      -> Expected Node 1 | Actual Node 1 : PASS
EMP0802      -> Expected Node 1 | Actual Node 1 : PASS
EMP1262      -> Expected Node 1 | Actual Node 1 : PASS
EMP1015      -> Expected Node 1 | Actual Node 1 : PASS
EMP0806      -> Expected Node 1 | Actual Node 1 : PASS
EMP0596      -> Expected Node 1 | Actual Node 1 : PASS
EMP0808      -> Expected Node 1 | Actual Node 1 : PASS
EMP0129      -> Expected Node 1 | Actual Node 1 : PASS
EMP0850      -> Expected Node 1 | Actual Node 1 : PASS
EMP1418      -> Expected Node 1 | Actual Node 1 : PASS
EMP0545      -> Expected Node 1 | Actual Node 1 : PASS
EMP0994      -> Expected Node 1 | Actual Node 1 : PASS
EMP1294      -> Expected Node 1 | Actual Node 1 : PASS
EMP0869      -> Expected Node 1 | Actual Node 1 : PASS
EMP0981      -> Expected Node 1 | Actual Node 1 : PASS
EMP0897      -> Expected Node 1 | Actual Node 1 : PASS
EMP1683      -> Expected Node 1 | Actual Node 1 : PASS
EMP0906      -> Expected Node 1 | Actual Node 1 : PASS
EMP1602      -> Expected Node 1 | Actual Node 1 : PASS
EMP0071      -> Expected Node 1 | Actual Node 1 : PASS
EMP0940      -> Expected Node 1 | Actual Node 1 : PASS
EMP0946      -> Expected Node 1 | Actual Node 1 : PASS
EMP1231      -> Expected Node 1 | Actual Node 1 : PASS
EMP1170      -> Expected Node 1 | Actual Node 1 : PASS
EMP0986      -> Expected Node 1 | Actual Node 1 : PASS
EMP1047      -> Expected Node 1 | Actual Node 1 : PASS
EMP1693      -> Expected Node 2 | Actual Node 2 : PASS
EMP1689      -> Expected Node 2 | Actual Node 2 : PASS
EMP1686      -> Expected Node 2 | Actual Node 2 : PASS
EMP1684      -> Expected Node 2 | Actual Node 2 : PASS
EMP1666      -> Expected Node 2 | Actual Node 2 : PASS
EMP1651      -> Expected Node 2 | Actual Node 2 : PASS
EMP1638      -> Expected Node 2 | Actual Node 2 : PASS
EMP1617      -> Expected Node 2 | Actual Node 2 : PASS
EMP1627      -> Expected Node 2 | Actual Node 2 : PASS
EMP1608      -> Expected Node 2 | Actual Node 2 : PASS
EMP1605      -> Expected Node 2 | Actual Node 2 : PASS
EMP1599      -> Expected Node 2 | Actual Node 2 : PASS
EMP1591      -> Expected Node 2 | Actual Node 2 : PASS
EMP1546      -> Expected Node 2 | Actual Node 2 : PASS
EMP1527      -> Expected Node 2 | Actual Node 2 : PASS
EMP1503      -> Expected Node 2 | Actual Node 2 : PASS
EMP1494      -> Expected Node 2 | Actual Node 2 : PASS
EMP1474      -> Expected Node 2 | Actual Node 2 : PASS
EMP1439      -> Expected Node 2 | Actual Node 2 : PASS
EMP1428      -> Expected Node 2 | Actual Node 2 : PASS
EMP1379      -> Expected Node 2 | Actual Node 2 : PASS
EMP1372      -> Expected Node 2 | Actual Node 2 : PASS
EMP1370      -> Expected Node 2 | Actual Node 2 : PASS
EMP1367      -> Expected Node 2 | Actual Node 2 : PASS
EMP1489      -> Expected Node 2 | Actual Node 2 : PASS
EMP1341      -> Expected Node 2 | Actual Node 2 : PASS
EMP1339      -> Expected Node 2 | Actual Node 2 : PASS
EMP1323      -> Expected Node 2 | Actual Node 2 : PASS
EMP1297      -> Expected Node 2 | Actual Node 2 : PASS
EMP1296      -> Expected Node 2 | Actual Node 2 : PASS
EMP1295      -> Expected Node 2 | Actual Node 2 : PASS
EMP1291      -> Expected Node 2 | Actual Node 2 : PASS
EMP1279      -> Expected Node 2 | Actual Node 2 : PASS
EMP1378      -> Expected Node 2 | Actual Node 2 : PASS
EMP1278      -> Expected Node 2 | Actual Node 2 : PASS
EMP1272      -> Expected Node 2 | Actual Node 2 : PASS
EMP1248      -> Expected Node 2 | Actual Node 2 : PASS
EMP1233      -> Expected Node 2 | Actual Node 2 : PASS
EMP1478      -> Expected Node 2 | Actual Node 2 : PASS
EMP1230      -> Expected Node 2 | Actual Node 2 : PASS
EMP1226      -> Expected Node 2 | Actual Node 2 : PASS
EMP1223      -> Expected Node 2 | Actual Node 2 : PASS
EMP1222      -> Expected Node 2 | Actual Node 2 : PASS
EMP1491      -> Expected Node 2 | Actual Node 2 : PASS
EMP1211      -> Expected Node 2 | Actual Node 2 : PASS
EMP1174      -> Expected Node 2 | Actual Node 2 : PASS
EMP1463      -> Expected Node 2 | Actual Node 2 : PASS
EMP1165      -> Expected Node 2 | Actual Node 2 : PASS
EMP1156      -> Expected Node 2 | Actual Node 2 : PASS
EMP1155      -> Expected Node 2 | Actual Node 2 : PASS
EMP1154      -> Expected Node 2 | Actual Node 2 : PASS
EMP1128      -> Expected Node 2 | Actual Node 2 : PASS
EMP1111      -> Expected Node 2 | Actual Node 2 : PASS
EMP1088      -> Expected Node 2 | Actual Node 2 : PASS
EMP1075      -> Expected Node 2 | Actual Node 2 : PASS
EMP1070      -> Expected Node 2 | Actual Node 2 : PASS
EMP1066      -> Expected Node 2 | Actual Node 2 : PASS
EMP1609      -> Expected Node 2 | Actual Node 2 : PASS
EMP1060      -> Expected Node 2 | Actual Node 2 : PASS
EMP1466      -> Expected Node 2 | Actual Node 2 : PASS
EMP1051      -> Expected Node 2 | Actual Node 2 : PASS
EMP1185      -> Expected Node 2 | Actual Node 2 : PASS
EMP1049      -> Expected Node 2 | Actual Node 2 : PASS
EMP1021      -> Expected Node 2 | Actual Node 2 : PASS
EMP1468      -> Expected Node 2 | Actual Node 2 : PASS
EMP1018      -> Expected Node 2 | Actual Node 2 : PASS
EMP1011      -> Expected Node 2 | Actual Node 2 : PASS
EMP1009      -> Expected Node 2 | Actual Node 2 : PASS
EMP1005      -> Expected Node 2 | Actual Node 2 : PASS
EMP0983      -> Expected Node 2 | Actual Node 2 : PASS
EMP0979      -> Expected Node 2 | Actual Node 2 : PASS
EMP1268      -> Expected Node 2 | Actual Node 2 : PASS
EMP0971      -> Expected Node 2 | Actual Node 2 : PASS
EMP0928      -> Expected Node 2 | Actual Node 2 : PASS
EMP0910      -> Expected Node 2 | Actual Node 2 : PASS
EMP1332      -> Expected Node 2 | Actual Node 2 : PASS
EMP0903      -> Expected Node 2 | Actual Node 2 : PASS
EMP0874      -> Expected Node 2 | Actual Node 2 : PASS
EMP0867      -> Expected Node 2 | Actual Node 2 : PASS
EMP0363      -> Expected Node 2 | Actual Node 2 : PASS
EMP1395      -> Expected Node 2 | Actual Node 2 : PASS
EMP0124      -> Expected Node 2 | Actual Node 2 : PASS
EMP1327      -> Expected Node 2 | Actual Node 2 : PASS
EMP0260      -> Expected Node 2 | Actual Node 2 : PASS
EMP0105      -> Expected Node 2 | Actual Node 2 : PASS
EMP1551      -> Expected Node 2 | Actual Node 2 : PASS
EMP1519      -> Expected Node 2 | Actual Node 2 : PASS
EMP0321      -> Expected Node 2 | Actual Node 2 : PASS
EMP0785      -> Expected Node 2 | Actual Node 2 : PASS
EMP0302      -> Expected Node 2 | Actual Node 2 : PASS
EMP0370      -> Expected Node 2 | Actual Node 2 : PASS
EMP0102      -> Expected Node 2 | Actual Node 2 : PASS
EMP0788      -> Expected Node 2 | Actual Node 2 : PASS
EMP0846      -> Expected Node 2 | Actual Node 2 : PASS
EMP0276      -> Expected Node 2 | Actual Node 2 : PASS
EMP1398      -> Expected Node 2 | Actual Node 2 : PASS
EMP0637      -> Expected Node 2 | Actual Node 2 : PASS
EMP0273      -> Expected Node 2 | Actual Node 2 : PASS
EMP0839      -> Expected Node 2 | Actual Node 2 : PASS
EMP0254      -> Expected Node 2 | Actual Node 2 : PASS
EMP0375      -> Expected Node 2 | Actual Node 2 : PASS
EMP0536      -> Expected Node 2 | Actual Node 2 : PASS
EMP0339      -> Expected Node 2 | Actual Node 2 : PASS
EMP0252      -> Expected Node 2 | Actual Node 2 : PASS
EMP1209      -> Expected Node 2 | Actual Node 2 : PASS
EMP0239      -> Expected Node 2 | Actual Node 2 : PASS
EMP0728      -> Expected Node 2 | Actual Node 2 : PASS
EMP0264      -> Expected Node 2 | Actual Node 2 : PASS
EMP1555      -> Expected Node 2 | Actual Node 2 : PASS
EMP0209      -> Expected Node 2 | Actual Node 2 : PASS
EMP1445      -> Expected Node 2 | Actual Node 2 : PASS
EMP1032      -> Expected Node 2 | Actual Node 2 : PASS
EMP0258      -> Expected Node 2 | Actual Node 2 : PASS
EMP0491      -> Expected Node 2 | Actual Node 2 : PASS
EMP0518      -> Expected Node 2 | Actual Node 2 : PASS
EMP1660      -> Expected Node 2 | Actual Node 2 : PASS
EMP0202      -> Expected Node 2 | Actual Node 2 : PASS
EMP0358      -> Expected Node 2 | Actual Node 2 : PASS
EMP0050      -> Expected Node 2 | Actual Node 2 : PASS
EMP1442      -> Expected Node 2 | Actual Node 2 : PASS
EMP0074      -> Expected Node 2 | Actual Node 2 : PASS
EMP0189      -> Expected Node 2 | Actual Node 2 : PASS
EMP0305      -> Expected Node 2 | Actual Node 2 : PASS
EMP1123      -> Expected Node 2 | Actual Node 2 : PASS
EMP1085      -> Expected Node 2 | Actual Node 2 : PASS
EMP0184      -> Expected Node 2 | Actual Node 2 : PASS
EMP1004      -> Expected Node 2 | Actual Node 2 : PASS
EMP0632      -> Expected Node 2 | Actual Node 2 : PASS
EMP1309      -> Expected Node 2 | Actual Node 2 : PASS
EMP0317      -> Expected Node 2 | Actual Node 2 : PASS
EMP0692      -> Expected Node 2 | Actual Node 2 : PASS
EMP0348      -> Expected Node 2 | Actual Node 2 : PASS
EMP1162      -> Expected Node 2 | Actual Node 2 : PASS
EMP0042      -> Expected Node 2 | Actual Node 2 : PASS
EMP0758      -> Expected Node 2 | Actual Node 2 : PASS
EMP0043      -> Expected Node 2 | Actual Node 2 : PASS
EMP1288      -> Expected Node 2 | Actual Node 2 : PASS
EMP0314      -> Expected Node 2 | Actual Node 2 : PASS
EMP1691      -> Expected Node 2 | Actual Node 2 : PASS
EMP1353      -> Expected Node 2 | Actual Node 2 : PASS
EMP0665      -> Expected Node 2 | Actual Node 2 : PASS
EMP0067      -> Expected Node 2 | Actual Node 2 : PASS
EMP0024      -> Expected Node 2 | Actual Node 2 : PASS
EMP1071      -> Expected Node 2 | Actual Node 2 : PASS
EMP0372      -> Expected Node 2 | Actual Node 2 : PASS
EMP0709      -> Expected Node 2 | Actual Node 2 : PASS
EMP1633      -> Expected Node 2 | Actual Node 2 : PASS
EMP0879      -> Expected Node 2 | Actual Node 2 : PASS
EMP0097      -> Expected Node 2 | Actual Node 2 : PASS
EMP0002      -> Expected Node 2 | Actual Node 2 : PASS
EMP1322      -> Expected Node 2 | Actual Node 2 : PASS
EMP0797      -> Expected Node 2 | Actual Node 2 : PASS
EMP0154      -> Expected Node 2 | Actual Node 2 : PASS
EMP0760      -> Expected Node 2 | Actual Node 2 : PASS
EMP0778      -> Expected Node 2 | Actual Node 2 : PASS
EMP0865      -> Expected Node 2 | Actual Node 2 : PASS
EMP1467      -> Expected Node 2 | Actual Node 2 : PASS
EMP0048      -> Expected Node 2 | Actual Node 2 : PASS
EMP1285      -> Expected Node 2 | Actual Node 2 : PASS
EMP0017      -> Expected Node 2 | Actual Node 2 : PASS
EMP0365      -> Expected Node 2 | Actual Node 2 : PASS
EMP1438      -> Expected Node 2 | Actual Node 2 : PASS
EMP1267      -> Expected Node 2 | Actual Node 2 : PASS
EMP1086      -> Expected Node 2 | Actual Node 2 : PASS
EMP0625      -> Expected Node 2 | Actual Node 2 : PASS
EMP0065      -> Expected Node 2 | Actual Node 2 : PASS
EMP0669      -> Expected Node 2 | Actual Node 2 : PASS
EMP1152      -> Expected Node 2 | Actual Node 2 : PASS
EMP1057      -> Expected Node 2 | Actual Node 2 : PASS
EMP0880      -> Expected Node 2 | Actual Node 2 : PASS
EMP0117      -> Expected Node 2 | Actual Node 2 : PASS
EMP0647      -> Expected Node 2 | Actual Node 2 : PASS
EMP0136      -> Expected Node 2 | Actual Node 2 : PASS
EMP0218      -> Expected Node 2 | Actual Node 2 : PASS
EMP0108      -> Expected Node 2 | Actual Node 2 : PASS
EMP0843      -> Expected Node 2 | Actual Node 2 : PASS
EMP0170      -> Expected Node 2 | Actual Node 2 : PASS
EMP0051      -> Expected Node 2 | Actual Node 2 : PASS
EMP0810      -> Expected Node 2 | Actual Node 2 : PASS
EMP0570      -> Expected Node 2 | Actual Node 2 : PASS
EMP0011      -> Expected Node 2 | Actual Node 2 : PASS
EMP0390      -> Expected Node 2 | Actual Node 2 : PASS
EMP1698      -> Expected Node 2 | Actual Node 2 : PASS
EMP0664      -> Expected Node 2 | Actual Node 2 : PASS
EMP0405      -> Expected Node 2 | Actual Node 2 : PASS
EMP0407      -> Expected Node 2 | Actual Node 2 : PASS
EMP0909      -> Expected Node 2 | Actual Node 2 : PASS
EMP0353      -> Expected Node 2 | Actual Node 2 : PASS
EMP0197      -> Expected Node 2 | Actual Node 2 : PASS
EMP0448      -> Expected Node 2 | Actual Node 2 : PASS
EMP0414      -> Expected Node 2 | Actual Node 2 : PASS
EMP0930      -> Expected Node 2 | Actual Node 2 : PASS
EMP0780      -> Expected Node 2 | Actual Node 2 : PASS
EMP0106      -> Expected Node 2 | Actual Node 2 : PASS
EMP0823      -> Expected Node 2 | Actual Node 2 : PASS
EMP0436      -> Expected Node 2 | Actual Node 2 : PASS
EMP0195      -> Expected Node 2 | Actual Node 2 : PASS
EMP0442      -> Expected Node 2 | Actual Node 2 : PASS
EMP0160      -> Expected Node 2 | Actual Node 2 : PASS
EMP0453      -> Expected Node 2 | Actual Node 2 : PASS
EMP0454      -> Expected Node 2 | Actual Node 2 : PASS
EMP1454      -> Expected Node 2 | Actual Node 2 : PASS
EMP0364      -> Expected Node 2 | Actual Node 2 : PASS
EMP0643      -> Expected Node 2 | Actual Node 2 : PASS
EMP0110      -> Expected Node 2 | Actual Node 2 : PASS
EMP0138      -> Expected Node 2 | Actual Node 2 : PASS
EMP0477      -> Expected Node 2 | Actual Node 2 : PASS
EMP1192      -> Expected Node 2 | Actual Node 2 : PASS
EMP0496      -> Expected Node 2 | Actual Node 2 : PASS
EMP0641      -> Expected Node 2 | Actual Node 2 : PASS
EMP0497      -> Expected Node 2 | Actual Node 2 : PASS
EMP0950      -> Expected Node 2 | Actual Node 2 : PASS
EMP0528      -> Expected Node 2 | Actual Node 2 : PASS
EMP0076      -> Expected Node 2 | Actual Node 2 : PASS
EMP0848      -> Expected Node 2 | Actual Node 2 : PASS
EMP0531      -> Expected Node 2 | Actual Node 2 : PASS
EMP1465      -> Expected Node 2 | Actual Node 2 : PASS
EMP0468      -> Expected Node 2 | Actual Node 2 : PASS
EMP0543      -> Expected Node 2 | Actual Node 2 : PASS
EMP0548      -> Expected Node 2 | Actual Node 2 : PASS
EMP0580      -> Expected Node 2 | Actual Node 2 : PASS
EMP0650      -> Expected Node 2 | Actual Node 2 : PASS
EMP0589      -> Expected Node 2 | Actual Node 2 : PASS
EMP0109      -> Expected Node 2 | Actual Node 2 : PASS
EMP0690      -> Expected Node 2 | Actual Node 2 : PASS
EMP0592      -> Expected Node 2 | Actual Node 2 : PASS
EMP0639      -> Expected Node 2 | Actual Node 2 : PASS
EMP0676      -> Expected Node 2 | Actual Node 2 : PASS
EMP0614      -> Expected Node 2 | Actual Node 2 : PASS
EMP0628      -> Expected Node 2 | Actual Node 2 : PASS
EMP0748      -> Expected Node 2 | Actual Node 2 : PASS
EMP1282      -> Expected Node 2 | Actual Node 2 : PASS
EMP0670      -> Expected Node 2 | Actual Node 2 : PASS
EMP0671      -> Expected Node 2 | Actual Node 2 : PASS
EMP0675      -> Expected Node 2 | Actual Node 2 : PASS
EMP0689      -> Expected Node 2 | Actual Node 2 : PASS
EMP0014      -> Expected Node 2 | Actual Node 2 : PASS
EMP0142      -> Expected Node 2 | Actual Node 2 : PASS
EMP0695      -> Expected Node 2 | Actual Node 2 : PASS
EMP0814      -> Expected Node 2 | Actual Node 2 : PASS
EMP0439      -> Expected Node 2 | Actual Node 2 : PASS
EMP0718      -> Expected Node 2 | Actual Node 2 : PASS
EMP1298      -> Expected Node 2 | Actual Node 2 : PASS
EMP0726      -> Expected Node 2 | Actual Node 2 : PASS
EMP0730      -> Expected Node 2 | Actual Node 2 : PASS
EMP0790      -> Expected Node 2 | Actual Node 2 : PASS
EMP1699      -> Expected Node 3 | Actual Node 3 : PASS
EMP1694      -> Expected Node 3 | Actual Node 3 : PASS
EMP1676      -> Expected Node 3 | Actual Node 3 : PASS
EMP1675      -> Expected Node 3 | Actual Node 3 : PASS
EMP1674      -> Expected Node 3 | Actual Node 3 : PASS
EMP1671      -> Expected Node 3 | Actual Node 3 : PASS
EMP1621      -> Expected Node 3 | Actual Node 3 : PASS
EMP1582      -> Expected Node 3 | Actual Node 3 : PASS
EMP1579      -> Expected Node 3 | Actual Node 3 : PASS
EMP1574      -> Expected Node 3 | Actual Node 3 : PASS
EMP1543      -> Expected Node 3 | Actual Node 3 : PASS
EMP1542      -> Expected Node 3 | Actual Node 3 : PASS
EMP1539      -> Expected Node 3 | Actual Node 3 : PASS
EMP1537      -> Expected Node 3 | Actual Node 3 : PASS
EMP1523      -> Expected Node 3 | Actual Node 3 : PASS
EMP1516      -> Expected Node 3 | Actual Node 3 : PASS
EMP1513      -> Expected Node 3 | Actual Node 3 : PASS
EMP1502      -> Expected Node 3 | Actual Node 3 : PASS
EMP1499      -> Expected Node 3 | Actual Node 3 : PASS
EMP1469      -> Expected Node 3 | Actual Node 3 : PASS
EMP1460      -> Expected Node 3 | Actual Node 3 : PASS
EMP1423      -> Expected Node 3 | Actual Node 3 : PASS
EMP1369      -> Expected Node 3 | Actual Node 3 : PASS
EMP1360      -> Expected Node 3 | Actual Node 3 : PASS
EMP1321      -> Expected Node 3 | Actual Node 3 : PASS
EMP1301      -> Expected Node 3 | Actual Node 3 : PASS
EMP1277      -> Expected Node 3 | Actual Node 3 : PASS
EMP1276      -> Expected Node 3 | Actual Node 3 : PASS
EMP1242      -> Expected Node 3 | Actual Node 3 : PASS
EMP1239      -> Expected Node 3 | Actual Node 3 : PASS
EMP1236      -> Expected Node 3 | Actual Node 3 : PASS
EMP1212      -> Expected Node 3 | Actual Node 3 : PASS
EMP1168      -> Expected Node 3 | Actual Node 3 : PASS
EMP1568      -> Expected Node 3 | Actual Node 3 : PASS
EMP1251      -> Expected Node 3 | Actual Node 3 : PASS
EMP0095      -> Expected Node 3 | Actual Node 3 : PASS
EMP1338      -> Expected Node 3 | Actual Node 3 : PASS
EMP0441      -> Expected Node 3 | Actual Node 3 : PASS
EMP0434      -> Expected Node 3 | Actual Node 3 : PASS
EMP0431      -> Expected Node 3 | Actual Node 3 : PASS
EMP1181      -> Expected Node 3 | Actual Node 3 : PASS
EMP0034      -> Expected Node 3 | Actual Node 3 : PASS
EMP1677      -> Expected Node 3 | Actual Node 3 : PASS
EMP0416      -> Expected Node 3 | Actual Node 3 : PASS
EMP1641      -> Expected Node 3 | Actual Node 3 : PASS
EMP1265      -> Expected Node 3 | Actual Node 3 : PASS
EMP0440      -> Expected Node 3 | Actual Node 3 : PASS
EMP0223      -> Expected Node 3 | Actual Node 3 : PASS
EMP0904      -> Expected Node 3 | Actual Node 3 : PASS
EMP0590      -> Expected Node 3 | Actual Node 3 : PASS
EMP1472      -> Expected Node 3 | Actual Node 3 : PASS
EMP0663      -> Expected Node 3 | Actual Node 3 : PASS
EMP0976      -> Expected Node 3 | Actual Node 3 : PASS
EMP0514      -> Expected Node 3 | Actual Node 3 : PASS
EMP1477      -> Expected Node 3 | Actual Node 3 : PASS
EMP0343      -> Expected Node 3 | Actual Node 3 : PASS
EMP1136      -> Expected Node 3 | Actual Node 3 : PASS
EMP0338      -> Expected Node 3 | Actual Node 3 : PASS
EMP0469      -> Expected Node 3 | Actual Node 3 : PASS
EMP1534      -> Expected Node 3 | Actual Node 3 : PASS
EMP0751      -> Expected Node 3 | Actual Node 3 : PASS
EMP0331      -> Expected Node 3 | Actual Node 3 : PASS
EMP0399      -> Expected Node 3 | Actual Node 3 : PASS
EMP0324      -> Expected Node 3 | Actual Node 3 : PASS
EMP1286      -> Expected Node 3 | Actual Node 3 : PASS
EMP1108      -> Expected Node 3 | Actual Node 3 : PASS
EMP0304      -> Expected Node 3 | Actual Node 3 : PASS
EMP1462      -> Expected Node 3 | Actual Node 3 : PASS
EMP0290      -> Expected Node 3 | Actual Node 3 : PASS
EMP1084      -> Expected Node 3 | Actual Node 3 : PASS
EMP0288      -> Expected Node 3 | Actual Node 3 : PASS
EMP0199      -> Expected Node 3 | Actual Node 3 : PASS
EMP0901      -> Expected Node 3 | Actual Node 3 : PASS
EMP0283      -> Expected Node 3 | Actual Node 3 : PASS
EMP0280      -> Expected Node 3 | Actual Node 3 : PASS
EMP0552      -> Expected Node 3 | Actual Node 3 : PASS
EMP0206      -> Expected Node 3 | Actual Node 3 : PASS
EMP0187      -> Expected Node 3 | Actual Node 3 : PASS
EMP0493      -> Expected Node 3 | Actual Node 3 : PASS
EMP0377      -> Expected Node 3 | Actual Node 3 : PASS
EMP1667      -> Expected Node 3 | Actual Node 3 : PASS
EMP0064      -> Expected Node 3 | Actual Node 3 : PASS
EMP0396      -> Expected Node 3 | Actual Node 3 : PASS
EMP0026      -> Expected Node 3 | Actual Node 3 : PASS
EMP0033      -> Expected Node 3 | Actual Node 3 : PASS
EMP0943      -> Expected Node 3 | Actual Node 3 : PASS
EMP0090      -> Expected Node 3 | Actual Node 3 : PASS
EMP0031      -> Expected Node 3 | Actual Node 3 : PASS
EMP0243      -> Expected Node 3 | Actual Node 3 : PASS
EMP0452      -> Expected Node 3 | Actual Node 3 : PASS
EMP0820      -> Expected Node 3 | Actual Node 3 : PASS
EMP0366      -> Expected Node 3 | Actual Node 3 : PASS
EMP0046      -> Expected Node 3 | Actual Node 3 : PASS
EMP0291      -> Expected Node 3 | Actual Node 3 : PASS
EMP0584      -> Expected Node 3 | Actual Node 3 : PASS
EMP0395      -> Expected Node 3 | Actual Node 3 : PASS
EMP1040      -> Expected Node 3 | Actual Node 3 : PASS
EMP0417      -> Expected Node 3 | Actual Node 3 : PASS
EMP0340      -> Expected Node 3 | Actual Node 3 : PASS
EMP0150      -> Expected Node 3 | Actual Node 3 : PASS
EMP0186      -> Expected Node 3 | Actual Node 3 : PASS
EMP1284      -> Expected Node 3 | Actual Node 3 : PASS
EMP0309      -> Expected Node 3 | Actual Node 3 : PASS
EMP0959      -> Expected Node 3 | Actual Node 3 : PASS
EMP0053      -> Expected Node 3 | Actual Node 3 : PASS
EMP0147      -> Expected Node 3 | Actual Node 3 : PASS
EMP0164      -> Expected Node 3 | Actual Node 3 : PASS
EMP1637      -> Expected Node 3 | Actual Node 3 : PASS
EMP0741      -> Expected Node 3 | Actual Node 3 : PASS
EMP0868      -> Expected Node 3 | Actual Node 3 : PASS
EMP0840      -> Expected Node 3 | Actual Node 3 : PASS
EMP0875      -> Expected Node 3 | Actual Node 3 : PASS
EMP0887      -> Expected Node 3 | Actual Node 3 : PASS
EMP0107      -> Expected Node 3 | Actual Node 3 : PASS
EMP0193      -> Expected Node 3 | Actual Node 3 : PASS
EMP0967      -> Expected Node 3 | Actual Node 3 : PASS
EMP0369      -> Expected Node 3 | Actual Node 3 : PASS
EMP0230      -> Expected Node 3 | Actual Node 3 : PASS
EMP0234      -> Expected Node 3 | Actual Node 3 : PASS
EMP0238      -> Expected Node 3 | Actual Node 3 : PASS
EMP1536      -> Expected Node 3 | Actual Node 3 : PASS
EMP0246      -> Expected Node 3 | Actual Node 3 : PASS
EMP1344      -> Expected Node 3 | Actual Node 3 : PASS
EMP1069      -> Expected Node 3 | Actual Node 3 : PASS
EMP0847      -> Expected Node 3 | Actual Node 3 : PASS
EMP0272      -> Expected Node 3 | Actual Node 3 : PASS
EMP1386      -> Expected Node 3 | Actual Node 3 : PASS
EMP0126      -> Expected Node 3 | Actual Node 3 : PASS
EMP0517      -> Expected Node 3 | Actual Node 3 : PASS
EMP1479      -> Expected Node 3 | Actual Node 3 : PASS
EMP0058      -> Expected Node 3 | Actual Node 3 : PASS
EMP0527      -> Expected Node 3 | Actual Node 3 : PASS
EMP0853      -> Expected Node 3 | Actual Node 3 : PASS
EMP0735      -> Expected Node 3 | Actual Node 3 : PASS
EMP0539      -> Expected Node 3 | Actual Node 3 : PASS
EMP0555      -> Expected Node 3 | Actual Node 3 : PASS
EMP1343      -> Expected Node 3 | Actual Node 3 : PASS
EMP0582      -> Expected Node 3 | Actual Node 3 : PASS
EMP1533      -> Expected Node 3 | Actual Node 3 : PASS
EMP0804      -> Expected Node 3 | Actual Node 3 : PASS
EMP0619      -> Expected Node 3 | Actual Node 3 : PASS
EMP1219      -> Expected Node 3 | Actual Node 3 : PASS
EMP0699      -> Expected Node 3 | Actual Node 3 : PASS
EMP1355      -> Expected Node 3 | Actual Node 3 : PASS
EMP0691      -> Expected Node 3 | Actual Node 3 : PASS
EMP0265      -> Expected Node 3 | Actual Node 3 : PASS
EMP0694      -> Expected Node 3 | Actual Node 3 : PASS
EMP1412      -> Expected Node 3 | Actual Node 3 : PASS
EMP1017      -> Expected Node 3 | Actual Node 3 : PASS
EMP0708      -> Expected Node 3 | Actual Node 3 : PASS
EMP0712      -> Expected Node 3 | Actual Node 3 : PASS
EMP1593      -> Expected Node 3 | Actual Node 3 : PASS
EMP0722      -> Expected Node 3 | Actual Node 3 : PASS
EMP0130      -> Expected Node 3 | Actual Node 3 : PASS
EMP0736      -> Expected Node 3 | Actual Node 3 : PASS
EMP0771      -> Expected Node 3 | Actual Node 3 : PASS
EMP1025      -> Expected Node 3 | Actual Node 3 : PASS
EMP0767      -> Expected Node 3 | Actual Node 3 : PASS
EMP0775      -> Expected Node 3 | Actual Node 3 : PASS
EMP1266      -> Expected Node 3 | Actual Node 3 : PASS
EMP0777      -> Expected Node 3 | Actual Node 3 : PASS
EMP0752      -> Expected Node 3 | Actual Node 3 : PASS
EMP1034      -> Expected Node 3 | Actual Node 3 : PASS
EMP0782      -> Expected Node 3 | Actual Node 3 : PASS
EMP0984      -> Expected Node 3 | Actual Node 3 : PASS
EMP0791      -> Expected Node 3 | Actual Node 3 : PASS
EMP0893      -> Expected Node 3 | Actual Node 3 : PASS
EMP0451      -> Expected Node 3 | Actual Node 3 : PASS
EMP0801      -> Expected Node 3 | Actual Node 3 : PASS
EMP0857      -> Expected Node 3 | Actual Node 3 : PASS
EMP1091      -> Expected Node 3 | Actual Node 3 : PASS
EMP0359      -> Expected Node 3 | Actual Node 3 : PASS
EMP0697      -> Expected Node 3 | Actual Node 3 : PASS
EMP0876      -> Expected Node 3 | Actual Node 3 : PASS
EMP0877      -> Expected Node 3 | Actual Node 3 : PASS
EMP0895      -> Expected Node 3 | Actual Node 3 : PASS
EMP0916      -> Expected Node 3 | Actual Node 3 : PASS
EMP0999      -> Expected Node 3 | Actual Node 3 : PASS
EMP1008      -> Expected Node 3 | Actual Node 3 : PASS
EMP0921      -> Expected Node 3 | Actual Node 3 : PASS
EMP0938      -> Expected Node 3 | Actual Node 3 : PASS
EMP0862      -> Expected Node 3 | Actual Node 3 : PASS
EMP0987      -> Expected Node 3 | Actual Node 3 : PASS
EMP1112      -> Expected Node 3 | Actual Node 3 : PASS
EMP0540      -> Expected Node 3 | Actual Node 3 : PASS
EMP1122      -> Expected Node 3 | Actual Node 3 : PASS
EMP1681      -> Expected Node 4 | Actual Node 4 : PASS
EMP1663      -> Expected Node 4 | Actual Node 4 : PASS
EMP1657      -> Expected Node 4 | Actual Node 4 : PASS
EMP1652      -> Expected Node 4 | Actual Node 4 : PASS
EMP1636      -> Expected Node 4 | Actual Node 4 : PASS
EMP1664      -> Expected Node 4 | Actual Node 4 : PASS
EMP1564      -> Expected Node 4 | Actual Node 4 : PASS
EMP1559      -> Expected Node 4 | Actual Node 4 : PASS
EMP1547      -> Expected Node 4 | Actual Node 4 : PASS
EMP1540      -> Expected Node 4 | Actual Node 4 : PASS
EMP1604      -> Expected Node 4 | Actual Node 4 : PASS
EMP1500      -> Expected Node 4 | Actual Node 4 : PASS
EMP1493      -> Expected Node 4 | Actual Node 4 : PASS
EMP1487      -> Expected Node 4 | Actual Node 4 : PASS
EMP1483      -> Expected Node 4 | Actual Node 4 : PASS
EMP1473      -> Expected Node 4 | Actual Node 4 : PASS
EMP1461      -> Expected Node 4 | Actual Node 4 : PASS
EMP1453      -> Expected Node 4 | Actual Node 4 : PASS
EMP1451      -> Expected Node 4 | Actual Node 4 : PASS
EMP1446      -> Expected Node 4 | Actual Node 4 : PASS
EMP1444      -> Expected Node 4 | Actual Node 4 : PASS
EMP1529      -> Expected Node 4 | Actual Node 4 : PASS
EMP1426      -> Expected Node 4 | Actual Node 4 : PASS
EMP1457      -> Expected Node 4 | Actual Node 4 : PASS
EMP1400      -> Expected Node 4 | Actual Node 4 : PASS
EMP1383      -> Expected Node 4 | Actual Node 4 : PASS
EMP1361      -> Expected Node 4 | Actual Node 4 : PASS
EMP1352      -> Expected Node 4 | Actual Node 4 : PASS
EMP1336      -> Expected Node 4 | Actual Node 4 : PASS
EMP1317      -> Expected Node 4 | Actual Node 4 : PASS
EMP1606      -> Expected Node 4 | Actual Node 4 : PASS
EMP1307      -> Expected Node 4 | Actual Node 4 : PASS
EMP1263      -> Expected Node 4 | Actual Node 4 : PASS
EMP1283      -> Expected Node 4 | Actual Node 4 : PASS
EMP1254      -> Expected Node 4 | Actual Node 4 : PASS
EMP1672      -> Expected Node 4 | Actual Node 4 : PASS
EMP1253      -> Expected Node 4 | Actual Node 4 : PASS
EMP1247      -> Expected Node 4 | Actual Node 4 : PASS
EMP1193      -> Expected Node 4 | Actual Node 4 : PASS
EMP1184      -> Expected Node 4 | Actual Node 4 : PASS
EMP1183      -> Expected Node 4 | Actual Node 4 : PASS
EMP1302      -> Expected Node 4 | Actual Node 4 : PASS
EMP1182      -> Expected Node 4 | Actual Node 4 : PASS
EMP1173      -> Expected Node 4 | Actual Node 4 : PASS
EMP1157      -> Expected Node 4 | Actual Node 4 : PASS
EMP1146      -> Expected Node 4 | Actual Node 4 : PASS
EMP1224      -> Expected Node 4 | Actual Node 4 : PASS
EMP1135      -> Expected Node 4 | Actual Node 4 : PASS
EMP1634      -> Expected Node 4 | Actual Node 4 : PASS
EMP0240      -> Expected Node 4 | Actual Node 4 : PASS
EMP0613      -> Expected Node 4 | Actual Node 4 : PASS
EMP1631      -> Expected Node 4 | Actual Node 4 : PASS
EMP0378      -> Expected Node 4 | Actual Node 4 : PASS
EMP0295      -> Expected Node 4 | Actual Node 4 : PASS
EMP0667      -> Expected Node 4 | Actual Node 4 : PASS
EMP0856      -> Expected Node 4 | Actual Node 4 : PASS
EMP0924      -> Expected Node 4 | Actual Node 4 : PASS
EMP1191      -> Expected Node 4 | Actual Node 4 : PASS
EMP0429      -> Expected Node 4 | Actual Node 4 : PASS
EMP0059      -> Expected Node 4 | Actual Node 4 : PASS
EMP0361      -> Expected Node 4 | Actual Node 4 : PASS
EMP1510      -> Expected Node 4 | Actual Node 4 : PASS
EMP0344      -> Expected Node 4 | Actual Node 4 : PASS
EMP0257      -> Expected Node 4 | Actual Node 4 : PASS
EMP0389      -> Expected Node 4 | Actual Node 4 : PASS
EMP0316      -> Expected Node 4 | Actual Node 4 : PASS
EMP1501      -> Expected Node 4 | Actual Node 4 : PASS
EMP1287      -> Expected Node 4 | Actual Node 4 : PASS
EMP0306      -> Expected Node 4 | Actual Node 4 : PASS
EMP0229      -> Expected Node 4 | Actual Node 4 : PASS
EMP0219      -> Expected Node 4 | Actual Node 4 : PASS
EMP0311      -> Expected Node 4 | Actual Node 4 : PASS
EMP1024      -> Expected Node 4 | Actual Node 4 : PASS
EMP0373      -> Expected Node 4 | Actual Node 4 : PASS
EMP0213      -> Expected Node 4 | Actual Node 4 : PASS
EMP0720      -> Expected Node 4 | Actual Node 4 : PASS
EMP1036      -> Expected Node 4 | Actual Node 4 : PASS
EMP1490      -> Expected Node 4 | Actual Node 4 : PASS
EMP0382      -> Expected Node 4 | Actual Node 4 : PASS
EMP0003      -> Expected Node 4 | Actual Node 4 : PASS
EMP0200      -> Expected Node 4 | Actual Node 4 : PASS
EMP1507      -> Expected Node 4 | Actual Node 4 : PASS
EMP0683      -> Expected Node 4 | Actual Node 4 : PASS
EMP0083      -> Expected Node 4 | Actual Node 4 : PASS
EMP0161      -> Expected Node 4 | Actual Node 4 : PASS
EMP0068      -> Expected Node 4 | Actual Node 4 : PASS
EMP0030      -> Expected Node 4 | Actual Node 4 : PASS
EMP0975      -> Expected Node 4 | Actual Node 4 : PASS
EMP0412      -> Expected Node 4 | Actual Node 4 : PASS
EMP0651      -> Expected Node 4 | Actual Node 4 : PASS
EMP0825      -> Expected Node 4 | Actual Node 4 : PASS
EMP0734      -> Expected Node 4 | Actual Node 4 : PASS
EMP0241      -> Expected Node 4 | Actual Node 4 : PASS
EMP1456      -> Expected Node 4 | Actual Node 4 : PASS
EMP0456      -> Expected Node 4 | Actual Node 4 : PASS
EMP0393      -> Expected Node 4 | Actual Node 4 : PASS
EMP1052      -> Expected Node 4 | Actual Node 4 : PASS
EMP0668      -> Expected Node 4 | Actual Node 4 : PASS
EMP0007      -> Expected Node 4 | Actual Node 4 : PASS
EMP0566      -> Expected Node 4 | Actual Node 4 : PASS
EMP0655      -> Expected Node 4 | Actual Node 4 : PASS
EMP1647      -> Expected Node 4 | Actual Node 4 : PASS
EMP1504      -> Expected Node 4 | Actual Node 4 : PASS
EMP0037      -> Expected Node 4 | Actual Node 4 : PASS
EMP0435      -> Expected Node 4 | Actual Node 4 : PASS
EMP0157      -> Expected Node 4 | Actual Node 4 : PASS
EMP1553      -> Expected Node 4 | Actual Node 4 : PASS
EMP1514      -> Expected Node 4 | Actual Node 4 : PASS
EMP0035      -> Expected Node 4 | Actual Node 4 : PASS
EMP0235      -> Expected Node 4 | Actual Node 4 : PASS
EMP0609      -> Expected Node 4 | Actual Node 4 : PASS
EMP1390      -> Expected Node 4 | Actual Node 4 : PASS
EMP0233      -> Expected Node 4 | Actual Node 4 : PASS
EMP0025      -> Expected Node 4 | Actual Node 4 : PASS
EMP0327      -> Expected Node 4 | Actual Node 4 : PASS
EMP1172      -> Expected Node 4 | Actual Node 4 : PASS
EMP0006      -> Expected Node 4 | Actual Node 4 : PASS
EMP0450      -> Expected Node 4 | Actual Node 4 : PASS
EMP0634      -> Expected Node 4 | Actual Node 4 : PASS
EMP0485      -> Expected Node 4 | Actual Node 4 : PASS
EMP1006      -> Expected Node 4 | Actual Node 4 : PASS
EMP1524      -> Expected Node 4 | Actual Node 4 : PASS
EMP1522      -> Expected Node 4 | Actual Node 4 : PASS
EMP1429      -> Expected Node 4 | Actual Node 4 : PASS
EMP0301      -> Expected Node 4 | Actual Node 4 : PASS
EMP0501      -> Expected Node 4 | Actual Node 4 : PASS
EMP0747      -> Expected Node 4 | Actual Node 4 : PASS
EMP0169      -> Expected Node 4 | Actual Node 4 : PASS
EMP1241      -> Expected Node 4 | Actual Node 4 : PASS
EMP1201      -> Expected Node 4 | Actual Node 4 : PASS
EMP0079      -> Expected Node 4 | Actual Node 4 : PASS
EMP1076      -> Expected Node 4 | Actual Node 4 : PASS
EMP0001      -> Expected Node 4 | Actual Node 4 : PASS
EMP1199      -> Expected Node 4 | Actual Node 4 : PASS
EMP0091      -> Expected Node 4 | Actual Node 4 : PASS
EMP0133      -> Expected Node 4 | Actual Node 4 : PASS
EMP0087      -> Expected Node 4 | Actual Node 4 : PASS
EMP1270      -> Expected Node 4 | Actual Node 4 : PASS
EMP0099      -> Expected Node 4 | Actual Node 4 : PASS
EMP0547      -> Expected Node 4 | Actual Node 4 : PASS
EMP0132      -> Expected Node 4 | Actual Node 4 : PASS
EMP0610      -> Expected Node 4 | Actual Node 4 : PASS
EMP1259      -> Expected Node 4 | Actual Node 4 : PASS
EMP0222      -> Expected Node 4 | Actual Node 4 : PASS
EMP0077      -> Expected Node 4 | Actual Node 4 : PASS
EMP0512      -> Expected Node 4 | Actual Node 4 : PASS
EMP0148      -> Expected Node 4 | Actual Node 4 : PASS
EMP0481      -> Expected Node 4 | Actual Node 4 : PASS
EMP0559      -> Expected Node 4 | Actual Node 4 : PASS
EMP0863      -> Expected Node 4 | Actual Node 4 : PASS
EMP1330      -> Expected Node 4 | Actual Node 4 : PASS
EMP1147      -> Expected Node 4 | Actual Node 4 : PASS
EMP0530      -> Expected Node 4 | Actual Node 4 : PASS
EMP0535      -> Expected Node 4 | Actual Node 4 : PASS
EMP0738      -> Expected Node 4 | Actual Node 4 : PASS
EMP0576      -> Expected Node 4 | Actual Node 4 : PASS
EMP0947      -> Expected Node 4 | Actual Node 4 : PASS
EMP0621      -> Expected Node 4 | Actual Node 4 : PASS
EMP1625      -> Expected Node 4 | Actual Node 4 : PASS
EMP0162      -> Expected Node 4 | Actual Node 4 : PASS
EMP0631      -> Expected Node 4 | Actual Node 4 : PASS
EMP0941      -> Expected Node 4 | Actual Node 4 : PASS
EMP0635      -> Expected Node 4 | Actual Node 4 : PASS
EMP0714      -> Expected Node 4 | Actual Node 4 : PASS
EMP1007      -> Expected Node 4 | Actual Node 4 : PASS
EMP0740      -> Expected Node 4 | Actual Node 4 : PASS
EMP0828      -> Expected Node 4 | Actual Node 4 : PASS
EMP0731      -> Expected Node 4 | Actual Node 4 : PASS
EMP0745      -> Expected Node 4 | Actual Node 4 : PASS
EMP0019      -> Expected Node 4 | Actual Node 4 : PASS
EMP0762      -> Expected Node 4 | Actual Node 4 : PASS
EMP0792      -> Expected Node 4 | Actual Node 4 : PASS
EMP0935      -> Expected Node 4 | Actual Node 4 : PASS
EMP0799      -> Expected Node 4 | Actual Node 4 : PASS
EMP1197      -> Expected Node 4 | Actual Node 4 : PASS
EMP0422      -> Expected Node 4 | Actual Node 4 : PASS
EMP0888      -> Expected Node 4 | Actual Node 4 : PASS
EMP0089      -> Expected Node 4 | Actual Node 4 : PASS
EMP0800      -> Expected Node 4 | Actual Node 4 : PASS
EMP0049      -> Expected Node 4 | Actual Node 4 : PASS
EMP0805      -> Expected Node 4 | Actual Node 4 : PASS
EMP0963      -> Expected Node 4 | Actual Node 4 : PASS
EMP0834      -> Expected Node 4 | Actual Node 4 : PASS
EMP0889      -> Expected Node 4 | Actual Node 4 : PASS
EMP1335      -> Expected Node 4 | Actual Node 4 : PASS
EMP0245      -> Expected Node 4 | Actual Node 4 : PASS
EMP0212      -> Expected Node 4 | Actual Node 4 : PASS
EMP0896      -> Expected Node 4 | Actual Node 4 : PASS
EMP0923      -> Expected Node 4 | Actual Node 4 : PASS
EMP0939      -> Expected Node 4 | Actual Node 4 : PASS
EMP0516      -> Expected Node 4 | Actual Node 4 : PASS
EMP0985      -> Expected Node 4 | Actual Node 4 : PASS
EMP0964      -> Expected Node 4 | Actual Node 4 : PASS
EMP0864      -> Expected Node 4 | Actual Node 4 : PASS
EMP1120      -> Expected Node 4 | Actual Node 4 : PASS
EMP1632      -> Expected Node 4 | Actual Node 4 : PASS
EMP0249      -> Expected Node 4 | Actual Node 4 : PASS
EMP0008      -> Expected Node 4 | Actual Node 4 : PASS
EMP0968      -> Expected Node 4 | Actual Node 4 : PASS
EMP1012      -> Expected Node 4 | Actual Node 4 : PASS
EMP1577      -> Expected Node 4 | Actual Node 4 : PASS
EMP0607      -> Expected Node 4 | Actual Node 4 : PASS
EMP1037      -> Expected Node 4 | Actual Node 4 : PASS
EMP1045      -> Expected Node 4 | Actual Node 4 : PASS
EMP1415      -> Expected Node 4 | Actual Node 4 : PASS
EMP1113      -> Expected Node 4 | Actual Node 4 : PASS
EMP1682      -> Expected Node 5 | Actual Node 5 : PASS
EMP1645      -> Expected Node 5 | Actual Node 5 : PASS
EMP1626      -> Expected Node 5 | Actual Node 5 : PASS
EMP1611      -> Expected Node 5 | Actual Node 5 : PASS
EMP1669      -> Expected Node 5 | Actual Node 5 : PASS
EMP1610      -> Expected Node 5 | Actual Node 5 : PASS
EMP1601      -> Expected Node 5 | Actual Node 5 : PASS
EMP1566      -> Expected Node 5 | Actual Node 5 : PASS
EMP1565      -> Expected Node 5 | Actual Node 5 : PASS
EMP1558      -> Expected Node 5 | Actual Node 5 : PASS
EMP1532      -> Expected Node 5 | Actual Node 5 : PASS
EMP1552      -> Expected Node 5 | Actual Node 5 : PASS
EMP1528      -> Expected Node 5 | Actual Node 5 : PASS
EMP1515      -> Expected Node 5 | Actual Node 5 : PASS
EMP1505      -> Expected Node 5 | Actual Node 5 : PASS
EMP1488      -> Expected Node 5 | Actual Node 5 : PASS
EMP1482      -> Expected Node 5 | Actual Node 5 : PASS
EMP1476      -> Expected Node 5 | Actual Node 5 : PASS
EMP1470      -> Expected Node 5 | Actual Node 5 : PASS
EMP1432      -> Expected Node 5 | Actual Node 5 : PASS
EMP1414      -> Expected Node 5 | Actual Node 5 : PASS
EMP1409      -> Expected Node 5 | Actual Node 5 : PASS
EMP1405      -> Expected Node 5 | Actual Node 5 : PASS
EMP1396      -> Expected Node 5 | Actual Node 5 : PASS
EMP1670      -> Expected Node 5 | Actual Node 5 : PASS
EMP1392      -> Expected Node 5 | Actual Node 5 : PASS
EMP1692      -> Expected Node 5 | Actual Node 5 : PASS
EMP1387      -> Expected Node 5 | Actual Node 5 : PASS
EMP1368      -> Expected Node 5 | Actual Node 5 : PASS
EMP1340      -> Expected Node 5 | Actual Node 5 : PASS
EMP1328      -> Expected Node 5 | Actual Node 5 : PASS
EMP1324      -> Expected Node 5 | Actual Node 5 : PASS
EMP1318      -> Expected Node 5 | Actual Node 5 : PASS
EMP1315      -> Expected Node 5 | Actual Node 5 : PASS
EMP1308      -> Expected Node 5 | Actual Node 5 : PASS
EMP1271      -> Expected Node 5 | Actual Node 5 : PASS
EMP1244      -> Expected Node 5 | Actual Node 5 : PASS
EMP1238      -> Expected Node 5 | Actual Node 5 : PASS
EMP1228      -> Expected Node 5 | Actual Node 5 : PASS
EMP1216      -> Expected Node 5 | Actual Node 5 : PASS
EMP1207      -> Expected Node 5 | Actual Node 5 : PASS
EMP1175      -> Expected Node 5 | Actual Node 5 : PASS
EMP1163      -> Expected Node 5 | Actual Node 5 : PASS
EMP1134      -> Expected Node 5 | Actual Node 5 : PASS
EMP1129      -> Expected Node 5 | Actual Node 5 : PASS
EMP1127      -> Expected Node 5 | Actual Node 5 : PASS
EMP1137      -> Expected Node 5 | Actual Node 5 : PASS
EMP1104      -> Expected Node 5 | Actual Node 5 : PASS
EMP1090      -> Expected Node 5 | Actual Node 5 : PASS
EMP1082      -> Expected Node 5 | Actual Node 5 : PASS
EMP1035      -> Expected Node 5 | Actual Node 5 : PASS
EMP1215      -> Expected Node 5 | Actual Node 5 : PASS
EMP1203      -> Expected Node 5 | Actual Node 5 : PASS
EMP1029      -> Expected Node 5 | Actual Node 5 : PASS
EMP0489      -> Expected Node 5 | Actual Node 5 : PASS
EMP0750      -> Expected Node 5 | Actual Node 5 : PASS
EMP0480      -> Expected Node 5 | Actual Node 5 : PASS
EMP0470      -> Expected Node 5 | Actual Node 5 : PASS
EMP1292      -> Expected Node 5 | Actual Node 5 : PASS
EMP0426      -> Expected Node 5 | Actual Node 5 : PASS
EMP1290      -> Expected Node 5 | Actual Node 5 : PASS
EMP0423      -> Expected Node 5 | Actual Node 5 : PASS
EMP1548      -> Expected Node 5 | Actual Node 5 : PASS
EMP0413      -> Expected Node 5 | Actual Node 5 : PASS
EMP1618      -> Expected Node 5 | Actual Node 5 : PASS
EMP0974      -> Expected Node 5 | Actual Node 5 : PASS
EMP0400      -> Expected Node 5 | Actual Node 5 : PASS
EMP1495      -> Expected Node 5 | Actual Node 5 : PASS
EMP0525      -> Expected Node 5 | Actual Node 5 : PASS
EMP0384      -> Expected Node 5 | Actual Node 5 : PASS
EMP0630      -> Expected Node 5 | Actual Node 5 : PASS
EMP0761      -> Expected Node 5 | Actual Node 5 : PASS
EMP0376      -> Expected Node 5 | Actual Node 5 : PASS
EMP0178      -> Expected Node 5 | Actual Node 5 : PASS
EMP0357      -> Expected Node 5 | Actual Node 5 : PASS
EMP1042      -> Expected Node 5 | Actual Node 5 : PASS
EMP0510      -> Expected Node 5 | Actual Node 5 : PASS
EMP0349      -> Expected Node 5 | Actual Node 5 : PASS
EMP0953      -> Expected Node 5 | Actual Node 5 : PASS
EMP1177      -> Expected Node 5 | Actual Node 5 : PASS
EMP0320      -> Expected Node 5 | Actual Node 5 : PASS
EMP1508      -> Expected Node 5 | Actual Node 5 : PASS
EMP0682      -> Expected Node 5 | Actual Node 5 : PASS
EMP0342      -> Expected Node 5 | Actual Node 5 : PASS
EMP0253      -> Expected Node 5 | Actual Node 5 : PASS
EMP1590      -> Expected Node 5 | Actual Node 5 : PASS
EMP0114      -> Expected Node 5 | Actual Node 5 : PASS
EMP0318      -> Expected Node 5 | Actual Node 5 : PASS
EMP0278      -> Expected Node 5 | Actual Node 5 : PASS
EMP0277      -> Expected Node 5 | Actual Node 5 : PASS
EMP0581      -> Expected Node 5 | Actual Node 5 : PASS
EMP0680      -> Expected Node 5 | Actual Node 5 : PASS
EMP1217      -> Expected Node 5 | Actual Node 5 : PASS
EMP0261      -> Expected Node 5 | Actual Node 5 : PASS
EMP0123      -> Expected Node 5 | Actual Node 5 : PASS
EMP0591      -> Expected Node 5 | Actual Node 5 : PASS
EMP0061      -> Expected Node 5 | Actual Node 5 : PASS
EMP0227      -> Expected Node 5 | Actual Node 5 : PASS
EMP1402      -> Expected Node 5 | Actual Node 5 : PASS
EMP0078      -> Expected Node 5 | Actual Node 5 : PASS
EMP0330      -> Expected Node 5 | Actual Node 5 : PASS
EMP0298      -> Expected Node 5 | Actual Node 5 : PASS
EMP0812      -> Expected Node 5 | Actual Node 5 : PASS
EMP0484      -> Expected Node 5 | Actual Node 5 : PASS
EMP1366      -> Expected Node 5 | Actual Node 5 : PASS
EMP0688      -> Expected Node 5 | Actual Node 5 : PASS
EMP0386      -> Expected Node 5 | Actual Node 5 : PASS
EMP0620      -> Expected Node 5 | Actual Node 5 : PASS
EMP0127      -> Expected Node 5 | Actual Node 5 : PASS
EMP0115      -> Expected Node 5 | Actual Node 5 : PASS
EMP0883      -> Expected Node 5 | Actual Node 5 : PASS
EMP0036      -> Expected Node 5 | Actual Node 5 : PASS
EMP1016      -> Expected Node 5 | Actual Node 5 : PASS
EMP0085      -> Expected Node 5 | Actual Node 5 : PASS
EMP0135      -> Expected Node 5 | Actual Node 5 : PASS
EMP0015      -> Expected Node 5 | Actual Node 5 : PASS
EMP0022      -> Expected Node 5 | Actual Node 5 : PASS
EMP0023      -> Expected Node 5 | Actual Node 5 : PASS
EMP0255      -> Expected Node 5 | Actual Node 5 : PASS
EMP0201      -> Expected Node 5 | Actual Node 5 : PASS
EMP0380      -> Expected Node 5 | Actual Node 5 : PASS
EMP0325      -> Expected Node 5 | Actual Node 5 : PASS
EMP0827      -> Expected Node 5 | Actual Node 5 : PASS
EMP0153      -> Expected Node 5 | Actual Node 5 : PASS
EMP0385      -> Expected Node 5 | Actual Node 5 : PASS
EMP0822      -> Expected Node 5 | Actual Node 5 : PASS
EMP0757      -> Expected Node 5 | Actual Node 5 : PASS
EMP0032      -> Expected Node 5 | Actual Node 5 : PASS
EMP1275      -> Expected Node 5 | Actual Node 5 : PASS
EMP1000      -> Expected Node 5 | Actual Node 5 : PASS
EMP0191      -> Expected Node 5 | Actual Node 5 : PASS
EMP1393      -> Expected Node 5 | Actual Node 5 : PASS
EMP0214      -> Expected Node 5 | Actual Node 5 : PASS
EMP0759      -> Expected Node 5 | Actual Node 5 : PASS
EMP0520      -> Expected Node 5 | Actual Node 5 : PASS
EMP1063      -> Expected Node 5 | Actual Node 5 : PASS
EMP0551      -> Expected Node 5 | Actual Node 5 : PASS
EMP0329      -> Expected Node 5 | Actual Node 5 : PASS
EMP0524      -> Expected Node 5 | Actual Node 5 : PASS
EMP0538      -> Expected Node 5 | Actual Node 5 : PASS
EMP0542      -> Expected Node 5 | Actual Node 5 : PASS
EMP1067      -> Expected Node 5 | Actual Node 5 : PASS
EMP0179      -> Expected Node 5 | Actual Node 5 : PASS
EMP0911      -> Expected Node 5 | Actual Node 5 : PASS
EMP0998      -> Expected Node 5 | Actual Node 5 : PASS
EMP0593      -> Expected Node 5 | Actual Node 5 : PASS
EMP0603      -> Expected Node 5 | Actual Node 5 : PASS
EMP1053      -> Expected Node 5 | Actual Node 5 : PASS
EMP0247      -> Expected Node 5 | Actual Node 5 : PASS
EMP0606      -> Expected Node 5 | Actual Node 5 : PASS
EMP1062      -> Expected Node 5 | Actual Node 5 : PASS
EMP0646      -> Expected Node 5 | Actual Node 5 : PASS
EMP0648      -> Expected Node 5 | Actual Node 5 : PASS
EMP0703      -> Expected Node 5 | Actual Node 5 : PASS
EMP1171      -> Expected Node 5 | Actual Node 5 : PASS
EMP0568      -> Expected Node 5 | Actual Node 5 : PASS
EMP0550      -> Expected Node 5 | Actual Node 5 : PASS
EMP0829      -> Expected Node 5 | Actual Node 5 : PASS
EMP1575      -> Expected Node 5 | Actual Node 5 : PASS
EMP0706      -> Expected Node 5 | Actual Node 5 : PASS
EMP0723      -> Expected Node 5 | Actual Node 5 : PASS
EMP0018      -> Expected Node 5 | Actual Node 5 : PASS
EMP0990      -> Expected Node 5 | Actual Node 5 : PASS
EMP0188      -> Expected Node 5 | Actual Node 5 : PASS
EMP0739      -> Expected Node 5 | Actual Node 5 : PASS
EMP0813      -> Expected Node 5 | Actual Node 5 : PASS
EMP0088      -> Expected Node 5 | Actual Node 5 : PASS
EMP0746      -> Expected Node 5 | Actual Node 5 : PASS
EMP0898      -> Expected Node 5 | Actual Node 5 : PASS
EMP0627      -> Expected Node 5 | Actual Node 5 : PASS
EMP0425      -> Expected Node 5 | Actual Node 5 : PASS
EMP0803      -> Expected Node 5 | Actual Node 5 : PASS
EMP0368      -> Expected Node 5 | Actual Node 5 : PASS
EMP0838      -> Expected Node 5 | Actual Node 5 : PASS
EMP0873      -> Expected Node 5 | Actual Node 5 : PASS
EMP0476      -> Expected Node 5 | Actual Node 5 : PASS
EMP0913      -> Expected Node 5 | Actual Node 5 : PASS
EMP0892      -> Expected Node 5 | Actual Node 5 : PASS
EMP0424      -> Expected Node 5 | Actual Node 5 : PASS
EMP0912      -> Expected Node 5 | Actual Node 5 : PASS
EMP1326      -> Expected Node 5 | Actual Node 5 : PASS
EMP0507      -> Expected Node 5 | Actual Node 5 : PASS
EMP0894      -> Expected Node 5 | Actual Node 5 : PASS
EMP0962      -> Expected Node 5 | Actual Node 5 : PASS
EMP0578      -> Expected Node 5 | Actual Node 5 : PASS
EMP0776      -> Expected Node 5 | Actual Node 5 : PASS
EMP0900      -> Expected Node 5 | Actual Node 5 : PASS
EMP0915      -> Expected Node 5 | Actual Node 5 : PASS
EMP0125      -> Expected Node 5 | Actual Node 5 : PASS
EMP0934      -> Expected Node 5 | Actual Node 5 : PASS
EMP1050      -> Expected Node 5 | Actual Node 5 : PASS
EMP0977      -> Expected Node 5 | Actual Node 5 : PASS
EMP0988      -> Expected Node 5 | Actual Node 5 : PASS
EMP0508      -> Expected Node 5 | Actual Node 5 : PASS
EMP0989      -> Expected Node 5 | Actual Node 5 : PASS
EMP0141      -> Expected Node 5 | Actual Node 5 : PASS
EMP0996      -> Expected Node 5 | Actual Node 5 : PASS
EMP0997      -> Expected Node 5 | Actual Node 5 : PASS
EMP0143      -> Expected Node 5 | Actual Node 5 : PASS
EMP1020      -> Expected Node 5 | Actual Node 5 : PASS
EMP1320      -> Expected Node 5 | Actual Node 5 : PASS
EMP0871      -> Expected Node 5 | Actual Node 5 : PASS
EMP1022      -> Expected Node 5 | Actual Node 5 : PASS
EMP1023      -> Expected Node 5 | Actual Node 5 : PASS
EMP1690      -> Expected Node 6 | Actual Node 6 : PASS
EMP1648      -> Expected Node 6 | Actual Node 6 : PASS
EMP1639      -> Expected Node 6 | Actual Node 6 : PASS
EMP1603      -> Expected Node 6 | Actual Node 6 : PASS
EMP1526      -> Expected Node 6 | Actual Node 6 : PASS
EMP1452      -> Expected Node 6 | Actual Node 6 : PASS
EMP1430      -> Expected Node 6 | Actual Node 6 : PASS
EMP1422      -> Expected Node 6 | Actual Node 6 : PASS
EMP1410      -> Expected Node 6 | Actual Node 6 : PASS
EMP1381      -> Expected Node 6 | Actual Node 6 : PASS
EMP1380      -> Expected Node 6 | Actual Node 6 : PASS
EMP1377      -> Expected Node 6 | Actual Node 6 : PASS
EMP1680      -> Expected Node 6 | Actual Node 6 : PASS
EMP1374      -> Expected Node 6 | Actual Node 6 : PASS
EMP1351      -> Expected Node 6 | Actual Node 6 : PASS
EMP1685      -> Expected Node 6 | Actual Node 6 : PASS
EMP1349      -> Expected Node 6 | Actual Node 6 : PASS
EMP1346      -> Expected Node 6 | Actual Node 6 : PASS
EMP1342      -> Expected Node 6 | Actual Node 6 : PASS
EMP1375      -> Expected Node 6 | Actual Node 6 : PASS
EMP1305      -> Expected Node 6 | Actual Node 6 : PASS
EMP1300      -> Expected Node 6 | Actual Node 6 : PASS
EMP1299      -> Expected Node 6 | Actual Node 6 : PASS
EMP1274      -> Expected Node 6 | Actual Node 6 : PASS
EMP1571      -> Expected Node 6 | Actual Node 6 : PASS
EMP1249      -> Expected Node 6 | Actual Node 6 : PASS
EMP1245      -> Expected Node 6 | Actual Node 6 : PASS
EMP1202      -> Expected Node 6 | Actual Node 6 : PASS
EMP1198      -> Expected Node 6 | Actual Node 6 : PASS
EMP1194      -> Expected Node 6 | Actual Node 6 : PASS
EMP1188      -> Expected Node 6 | Actual Node 6 : PASS
EMP1178      -> Expected Node 6 | Actual Node 6 : PASS
EMP1176      -> Expected Node 6 | Actual Node 6 : PASS
EMP1161      -> Expected Node 6 | Actual Node 6 : PASS
EMP1258      -> Expected Node 6 | Actual Node 6 : PASS
EMP1145      -> Expected Node 6 | Actual Node 6 : PASS
EMP1142      -> Expected Node 6 | Actual Node 6 : PASS
EMP1138      -> Expected Node 6 | Actual Node 6 : PASS
EMP1673      -> Expected Node 6 | Actual Node 6 : PASS
EMP1131      -> Expected Node 6 | Actual Node 6 : PASS
EMP1117      -> Expected Node 6 | Actual Node 6 : PASS
EMP1102      -> Expected Node 6 | Actual Node 6 : PASS
EMP1087      -> Expected Node 6 | Actual Node 6 : PASS
EMP0287      -> Expected Node 6 | Actual Node 6 : PASS
EMP0410      -> Expected Node 6 | Actual Node 6 : PASS
EMP0860      -> Expected Node 6 | Actual Node 6 : PASS
EMP0367      -> Expected Node 6 | Actual Node 6 : PASS
EMP0401      -> Expected Node 6 | Actual Node 6 : PASS
EMP1081      -> Expected Node 6 | Actual Node 6 : PASS
EMP0908      -> Expected Node 6 | Actual Node 6 : PASS
EMP0326      -> Expected Node 6 | Actual Node 6 : PASS
EMP0313      -> Expected Node 6 | Actual Node 6 : PASS
EMP0286      -> Expected Node 6 | Actual Node 6 : PASS
EMP0285      -> Expected Node 6 | Actual Node 6 : PASS
EMP0172      -> Expected Node 6 | Actual Node 6 : PASS
EMP0293      -> Expected Node 6 | Actual Node 6 : PASS
EMP1492      -> Expected Node 6 | Actual Node 6 : PASS
EMP0922      -> Expected Node 6 | Actual Node 6 : PASS
EMP1416      -> Expected Node 6 | Actual Node 6 : PASS
EMP0250      -> Expected Node 6 | Actual Node 6 : PASS
EMP1404      -> Expected Node 6 | Actual Node 6 : PASS
EMP0597      -> Expected Node 6 | Actual Node 6 : PASS
EMP0919      -> Expected Node 6 | Actual Node 6 : PASS
EMP1213      -> Expected Node 6 | Actual Node 6 : PASS
EMP0232      -> Expected Node 6 | Actual Node 6 : PASS
EMP0228      -> Expected Node 6 | Actual Node 6 : PASS
EMP1097      -> Expected Node 6 | Actual Node 6 : PASS
EMP0092      -> Expected Node 6 | Actual Node 6 : PASS
EMP0072      -> Expected Node 6 | Actual Node 6 : PASS
EMP0966      -> Expected Node 6 | Actual Node 6 : PASS
EMP0949      -> Expected Node 6 | Actual Node 6 : PASS
EMP0220      -> Expected Node 6 | Actual Node 6 : PASS
EMP1205      -> Expected Node 6 | Actual Node 6 : PASS
EMP0041      -> Expected Node 6 | Actual Node 6 : PASS
EMP0098      -> Expected Node 6 | Actual Node 6 : PASS
EMP0430      -> Expected Node 6 | Actual Node 6 : PASS
EMP1043      -> Expected Node 6 | Actual Node 6 : PASS
EMP0973      -> Expected Node 6 | Actual Node 6 : PASS
EMP0415      -> Expected Node 6 | Actual Node 6 : PASS
EMP0158      -> Expected Node 6 | Actual Node 6 : PASS
EMP0328      -> Expected Node 6 | Actual Node 6 : PASS
EMP0221      -> Expected Node 6 | Actual Node 6 : PASS
EMP1464      -> Expected Node 6 | Actual Node 6 : PASS
EMP0281      -> Expected Node 6 | Actual Node 6 : PASS
EMP0060      -> Expected Node 6 | Actual Node 6 : PASS
EMP0177      -> Expected Node 6 | Actual Node 6 : PASS
EMP1497      -> Expected Node 6 | Actual Node 6 : PASS
EMP0196      -> Expected Node 6 | Actual Node 6 : PASS
EMP0063      -> Expected Node 6 | Actual Node 6 : PASS
EMP1411      -> Expected Node 6 | Actual Node 6 : PASS
EMP0821      -> Expected Node 6 | Actual Node 6 : PASS
EMP0719      -> Expected Node 6 | Actual Node 6 : PASS
EMP0724      -> Expected Node 6 | Actual Node 6 : PASS
EMP0275      -> Expected Node 6 | Actual Node 6 : PASS
EMP1252      -> Expected Node 6 | Actual Node 6 : PASS
EMP0047      -> Expected Node 6 | Actual Node 6 : PASS
EMP1659      -> Expected Node 6 | Actual Node 6 : PASS
EMP1083      -> Expected Node 6 | Actual Node 6 : PASS
EMP0081      -> Expected Node 6 | Actual Node 6 : PASS
EMP0096      -> Expected Node 6 | Actual Node 6 : PASS
EMP0054      -> Expected Node 6 | Actual Node 6 : PASS
EMP1570      -> Expected Node 6 | Actual Node 6 : PASS
EMP0028      -> Expected Node 6 | Actual Node 6 : PASS
EMP0815      -> Expected Node 6 | Actual Node 6 : PASS
EMP0176      -> Expected Node 6 | Actual Node 6 : PASS
EMP0588      -> Expected Node 6 | Actual Node 6 : PASS
EMP0312      -> Expected Node 6 | Actual Node 6 : PASS
EMP0020      -> Expected Node 6 | Actual Node 6 : PASS
EMP0166      -> Expected Node 6 | Actual Node 6 : PASS
EMP0120      -> Expected Node 6 | Actual Node 6 : PASS
EMP0194      -> Expected Node 6 | Actual Node 6 : PASS
EMP0122      -> Expected Node 6 | Actual Node 6 : PASS
EMP1623      -> Expected Node 6 | Actual Node 6 : PASS
EMP1481      -> Expected Node 6 | Actual Node 6 : PASS
EMP0165      -> Expected Node 6 | Actual Node 6 : PASS
EMP0444      -> Expected Node 6 | Actual Node 6 : PASS
EMP0866      -> Expected Node 6 | Actual Node 6 : PASS
EMP0929      -> Expected Node 6 | Actual Node 6 : PASS
EMP0134      -> Expected Node 6 | Actual Node 6 : PASS
EMP0168      -> Expected Node 6 | Actual Node 6 : PASS
EMP0159      -> Expected Node 6 | Actual Node 6 : PASS
EMP1450      -> Expected Node 6 | Actual Node 6 : PASS
EMP0248      -> Expected Node 6 | Actual Node 6 : PASS
EMP0789      -> Expected Node 6 | Actual Node 6 : PASS
EMP0408      -> Expected Node 6 | Actual Node 6 : PASS
EMP0616      -> Expected Node 6 | Actual Node 6 : PASS
EMP0793      -> Expected Node 6 | Actual Node 6 : PASS
EMP0198      -> Expected Node 6 | Actual Node 6 : PASS
EMP0447      -> Expected Node 6 | Actual Node 6 : PASS
EMP0932      -> Expected Node 6 | Actual Node 6 : PASS
EMP0612      -> Expected Node 6 | Actual Node 6 : PASS
EMP0937      -> Expected Node 6 | Actual Node 6 : PASS
EMP1413      -> Expected Node 6 | Actual Node 6 : PASS
EMP0479      -> Expected Node 6 | Actual Node 6 : PASS
EMP0185      -> Expected Node 6 | Actual Node 6 : PASS
EMP0498      -> Expected Node 6 | Actual Node 6 : PASS
EMP1443      -> Expected Node 6 | Actual Node 6 : PASS
EMP0350      -> Expected Node 6 | Actual Node 6 : PASS
EMP0509      -> Expected Node 6 | Actual Node 6 : PASS
EMP0347      -> Expected Node 6 | Actual Node 6 : PASS
EMP0546      -> Expected Node 6 | Actual Node 6 : PASS
EMP1455      -> Expected Node 6 | Actual Node 6 : PASS
EMP0861      -> Expected Node 6 | Actual Node 6 : PASS
EMP1421      -> Expected Node 6 | Actual Node 6 : PASS
EMP0571      -> Expected Node 6 | Actual Node 6 : PASS
EMP1027      -> Expected Node 6 | Actual Node 6 : PASS
EMP0585      -> Expected Node 6 | Actual Node 6 : PASS
EMP0642      -> Expected Node 6 | Actual Node 6 : PASS
EMP1679      -> Expected Node 6 | Actual Node 6 : PASS
EMP0488      -> Expected Node 6 | Actual Node 6 : PASS
EMP0652      -> Expected Node 6 | Actual Node 6 : PASS
EMP0684      -> Expected Node 6 | Actual Node 6 : PASS
EMP0965      -> Expected Node 6 | Actual Node 6 : PASS
EMP0713      -> Expected Node 6 | Actual Node 6 : PASS
EMP0446      -> Expected Node 6 | Actual Node 6 : PASS
EMP0717      -> Expected Node 6 | Actual Node 6 : PASS
EMP1153      -> Expected Node 6 | Actual Node 6 : PASS
EMP0346      -> Expected Node 6 | Actual Node 6 : PASS
EMP0575      -> Expected Node 6 | Actual Node 6 : PASS
EMP0725      -> Expected Node 6 | Actual Node 6 : PASS
EMP0506      -> Expected Node 6 | Actual Node 6 : PASS
EMP0765      -> Expected Node 6 | Actual Node 6 : PASS
EMP1158      -> Expected Node 6 | Actual Node 6 : PASS
EMP0944      -> Expected Node 6 | Actual Node 6 : PASS
EMP0769      -> Expected Node 6 | Actual Node 6 : PASS
EMP1441      -> Expected Node 6 | Actual Node 6 : PASS
EMP0432      -> Expected Node 6 | Actual Node 6 : PASS
EMP0783      -> Expected Node 6 | Actual Node 6 : PASS
EMP1234      -> Expected Node 6 | Actual Node 6 : PASS
EMP0784      -> Expected Node 6 | Actual Node 6 : PASS
EMP0849      -> Expected Node 6 | Actual Node 6 : PASS
EMP0066      -> Expected Node 6 | Actual Node 6 : PASS
EMP0970      -> Expected Node 6 | Actual Node 6 : PASS
EMP0786      -> Expected Node 6 | Actual Node 6 : PASS
EMP0529      -> Expected Node 6 | Actual Node 6 : PASS
EMP0796      -> Expected Node 6 | Actual Node 6 : PASS
EMP0819      -> Expected Node 6 | Actual Node 6 : PASS
EMP1214      -> Expected Node 6 | Actual Node 6 : PASS
EMP0459      -> Expected Node 6 | Actual Node 6 : PASS
EMP0824      -> Expected Node 6 | Actual Node 6 : PASS
EMP1600      -> Expected Node 6 | Actual Node 6 : PASS
EMP1079      -> Expected Node 6 | Actual Node 6 : PASS
EMP0855      -> Expected Node 6 | Actual Node 6 : PASS
EMP1588      -> Expected Node 6 | Actual Node 6 : PASS
EMP0858      -> Expected Node 6 | Actual Node 6 : PASS
EMP0268      -> Expected Node 6 | Actual Node 6 : PASS
EMP0303      -> Expected Node 6 | Actual Node 6 : PASS
EMP0859      -> Expected Node 6 | Actual Node 6 : PASS
EMP1597      -> Expected Node 6 | Actual Node 6 : PASS
EMP0335      -> Expected Node 6 | Actual Node 6 : PASS
EMP0282      -> Expected Node 6 | Actual Node 6 : PASS
EMP0870      -> Expected Node 6 | Actual Node 6 : PASS
EMP1246      -> Expected Node 6 | Actual Node 6 : PASS
EMP0878      -> Expected Node 6 | Actual Node 6 : PASS
EMP1001      -> Expected Node 6 | Actual Node 6 : PASS
EMP0768      -> Expected Node 6 | Actual Node 6 : PASS
EMP0881      -> Expected Node 6 | Actual Node 6 : PASS
EMP0716      -> Expected Node 6 | Actual Node 6 : PASS
EMP0926      -> Expected Node 6 | Actual Node 6 : PASS
EMP0933      -> Expected Node 6 | Actual Node 6 : PASS
EMP0961      -> Expected Node 6 | Actual Node 6 : PASS
EMP1002      -> Expected Node 6 | Actual Node 6 : PASS
EMP1039      -> Expected Node 6 | Actual Node 6 : PASS
EMP1655      -> Expected Node 7 | Actual Node 7 : PASS
EMP1654      -> Expected Node 7 | Actual Node 7 : PASS
EMP1646      -> Expected Node 7 | Actual Node 7 : PASS
EMP1640      -> Expected Node 7 | Actual Node 7 : PASS
EMP1630      -> Expected Node 7 | Actual Node 7 : PASS
EMP1619      -> Expected Node 7 | Actual Node 7 : PASS
EMP1612      -> Expected Node 7 | Actual Node 7 : PASS
EMP1598      -> Expected Node 7 | Actual Node 7 : PASS
EMP1594      -> Expected Node 7 | Actual Node 7 : PASS
EMP1585      -> Expected Node 7 | Actual Node 7 : PASS
EMP1573      -> Expected Node 7 | Actual Node 7 : PASS
EMP1572      -> Expected Node 7 | Actual Node 7 : PASS
EMP1521      -> Expected Node 7 | Actual Node 7 : PASS
EMP1512      -> Expected Node 7 | Actual Node 7 : PASS
EMP1486      -> Expected Node 7 | Actual Node 7 : PASS
EMP1480      -> Expected Node 7 | Actual Node 7 : PASS
EMP1427      -> Expected Node 7 | Actual Node 7 : PASS
EMP1420      -> Expected Node 7 | Actual Node 7 : PASS
EMP1407      -> Expected Node 7 | Actual Node 7 : PASS
EMP1385      -> Expected Node 7 | Actual Node 7 : PASS
EMP1384      -> Expected Node 7 | Actual Node 7 : PASS
EMP1376      -> Expected Node 7 | Actual Node 7 : PASS
EMP1373      -> Expected Node 7 | Actual Node 7 : PASS
EMP1356      -> Expected Node 7 | Actual Node 7 : PASS
EMP1329      -> Expected Node 7 | Actual Node 7 : PASS
EMP1311      -> Expected Node 7 | Actual Node 7 : PASS
EMP1310      -> Expected Node 7 | Actual Node 7 : PASS
EMP1269      -> Expected Node 7 | Actual Node 7 : PASS
EMP1264      -> Expected Node 7 | Actual Node 7 : PASS
EMP1256      -> Expected Node 7 | Actual Node 7 : PASS
EMP1255      -> Expected Node 7 | Actual Node 7 : PASS
EMP1240      -> Expected Node 7 | Actual Node 7 : PASS
EMP1237      -> Expected Node 7 | Actual Node 7 : PASS
EMP1206      -> Expected Node 7 | Actual Node 7 : PASS
EMP1391      -> Expected Node 7 | Actual Node 7 : PASS
EMP1180      -> Expected Node 7 | Actual Node 7 : PASS
EMP1189      -> Expected Node 7 | Actual Node 7 : PASS
EMP1150      -> Expected Node 7 | Actual Node 7 : PASS
EMP1126      -> Expected Node 7 | Actual Node 7 : PASS
EMP1116      -> Expected Node 7 | Actual Node 7 : PASS
EMP1098      -> Expected Node 7 | Actual Node 7 : PASS
EMP1096      -> Expected Node 7 | Actual Node 7 : PASS
EMP1080      -> Expected Node 7 | Actual Node 7 : PASS
EMP1068      -> Expected Node 7 | Actual Node 7 : PASS
EMP1059      -> Expected Node 7 | Actual Node 7 : PASS
EMP1010      -> Expected Node 7 | Actual Node 7 : PASS
EMP1105      -> Expected Node 7 | Actual Node 7 : PASS
EMP0980      -> Expected Node 7 | Actual Node 7 : PASS
EMP0969      -> Expected Node 7 | Actual Node 7 : PASS
EMP1115      -> Expected Node 7 | Actual Node 7 : PASS
EMP0956      -> Expected Node 7 | Actual Node 7 : PASS
EMP1058      -> Expected Node 7 | Actual Node 7 : PASS
EMP0955      -> Expected Node 7 | Actual Node 7 : PASS
EMP0472      -> Expected Node 7 | Actual Node 7 : PASS
EMP0502      -> Expected Node 7 | Actual Node 7 : PASS
EMP0461      -> Expected Node 7 | Actual Node 7 : PASS
EMP0624      -> Expected Node 7 | Actual Node 7 : PASS
EMP1583      -> Expected Node 7 | Actual Node 7 : PASS
EMP1280      -> Expected Node 7 | Actual Node 7 : PASS
EMP0779      -> Expected Node 7 | Actual Node 7 : PASS
EMP1371      -> Expected Node 7 | Actual Node 7 : PASS
EMP1243      -> Expected Node 7 | Actual Node 7 : PASS
EMP0705      -> Expected Node 7 | Actual Node 7 : PASS
EMP0403      -> Expected Node 7 | Actual Node 7 : PASS
EMP0352      -> Expected Node 7 | Actual Node 7 : PASS
EMP0322      -> Expected Node 7 | Actual Node 7 : PASS
EMP0679      -> Expected Node 7 | Actual Node 7 : PASS
EMP0374      -> Expected Node 7 | Actual Node 7 : PASS
EMP0554      -> Expected Node 7 | Actual Node 7 : PASS
EMP0300      -> Expected Node 7 | Actual Node 7 : PASS
EMP0217      -> Expected Node 7 | Actual Node 7 : PASS
EMP0296      -> Expected Node 7 | Actual Node 7 : PASS
EMP0486      -> Expected Node 7 | Actual Node 7 : PASS
EMP1688      -> Expected Node 7 | Actual Node 7 : PASS
EMP0208      -> Expected Node 7 | Actual Node 7 : PASS
EMP0163      -> Expected Node 7 | Actual Node 7 : PASS
EMP0271      -> Expected Node 7 | Actual Node 7 : PASS
EMP0149      -> Expected Node 7 | Actual Node 7 : PASS
EMP1595      -> Expected Node 7 | Actual Node 7 : PASS
EMP0618      -> Expected Node 7 | Actual Node 7 : PASS
EMP0140      -> Expected Node 7 | Actual Node 7 : PASS
EMP0478      -> Expected Node 7 | Actual Node 7 : PASS
EMP0526      -> Expected Node 7 | Actual Node 7 : PASS
EMP0128      -> Expected Node 7 | Actual Node 7 : PASS
EMP0418      -> Expected Node 7 | Actual Node 7 : PASS
EMP0992      -> Expected Node 7 | Actual Node 7 : PASS
EMP0259      -> Expected Node 7 | Actual Node 7 : PASS
EMP0139      -> Expected Node 7 | Actual Node 7 : PASS
EMP1530      -> Expected Node 7 | Actual Node 7 : PASS
EMP1394      -> Expected Node 7 | Actual Node 7 : PASS
EMP0121      -> Expected Node 7 | Actual Node 7 : PASS
EMP0770      -> Expected Node 7 | Actual Node 7 : PASS
EMP1160      -> Expected Node 7 | Actual Node 7 : PASS
EMP0899      -> Expected Node 7 | Actual Node 7 : PASS
EMP0073      -> Expected Node 7 | Actual Node 7 : PASS
EMP0056      -> Expected Node 7 | Actual Node 7 : PASS
EMP0387      -> Expected Node 7 | Actual Node 7 : PASS
EMP0511      -> Expected Node 7 | Actual Node 7 : PASS
EMP0661      -> Expected Node 7 | Actual Node 7 : PASS
EMP1642      -> Expected Node 7 | Actual Node 7 : PASS
EMP0406      -> Expected Node 7 | Actual Node 7 : PASS
EMP0052      -> Expected Node 7 | Actual Node 7 : PASS
EMP0626      -> Expected Node 7 | Actual Node 7 : PASS
EMP1041      -> Expected Node 7 | Actual Node 7 : PASS
EMP0438      -> Expected Node 7 | Actual Node 7 : PASS
EMP1354      -> Expected Node 7 | Actual Node 7 : PASS
EMP1148      -> Expected Node 7 | Actual Node 7 : PASS
EMP0027      -> Expected Node 7 | Actual Node 7 : PASS
EMP0013      -> Expected Node 7 | Actual Node 7 : PASS
EMP0269      -> Expected Node 7 | Actual Node 7 : PASS
EMP0835      -> Expected Node 7 | Actual Node 7 : PASS
EMP0948      -> Expected Node 7 | Actual Node 7 : PASS
EMP0852      -> Expected Node 7 | Actual Node 7 : PASS
EMP1109      -> Expected Node 7 | Actual Node 7 : PASS
EMP0307      -> Expected Node 7 | Actual Node 7 : PASS
EMP0323      -> Expected Node 7 | Actual Node 7 : PASS
EMP0505      -> Expected Node 7 | Actual Node 7 : PASS
EMP1562      -> Expected Node 7 | Actual Node 7 : PASS
EMP0872      -> Expected Node 7 | Actual Node 7 : PASS
EMP1424      -> Expected Node 7 | Actual Node 7 : PASS
EMP1417      -> Expected Node 7 | Actual Node 7 : PASS
EMP1388      -> Expected Node 7 | Actual Node 7 : PASS
EMP1110      -> Expected Node 7 | Actual Node 7 : PASS
EMP0242      -> Expected Node 7 | Actual Node 7 : PASS
EMP0333      -> Expected Node 7 | Actual Node 7 : PASS
EMP1143      -> Expected Node 7 | Actual Node 7 : PASS
EMP0392      -> Expected Node 7 | Actual Node 7 : PASS
EMP0100      -> Expected Node 7 | Actual Node 7 : PASS
EMP0274      -> Expected Node 7 | Actual Node 7 : PASS
EMP0156      -> Expected Node 7 | Actual Node 7 : PASS
EMP0207      -> Expected Node 7 | Actual Node 7 : PASS
EMP1535      -> Expected Node 7 | Actual Node 7 : PASS
EMP1437      -> Expected Node 7 | Actual Node 7 : PASS
EMP0464      -> Expected Node 7 | Actual Node 7 : PASS
EMP0203      -> Expected Node 7 | Actual Node 7 : PASS
EMP0225      -> Expected Node 7 | Actual Node 7 : PASS
EMP0594      -> Expected Node 7 | Actual Node 7 : PASS
EMP1119      -> Expected Node 7 | Actual Node 7 : PASS
EMP1019      -> Expected Node 7 | Actual Node 7 : PASS
EMP0598      -> Expected Node 7 | Actual Node 7 : PASS
EMP1629      -> Expected Node 7 | Actual Node 7 : PASS
EMP1399      -> Expected Node 7 | Actual Node 7 : PASS
EMP0310      -> Expected Node 7 | Actual Node 7 : PASS
EMP0654      -> Expected Node 7 | Actual Node 7 : PASS
EMP0841      -> Expected Node 7 | Actual Node 7 : PASS
EMP0371      -> Expected Node 7 | Actual Node 7 : PASS
EMP0103      -> Expected Node 7 | Actual Node 7 : PASS
EMP0173      -> Expected Node 7 | Actual Node 7 : PASS
EMP0044      -> Expected Node 7 | Actual Node 7 : PASS
EMP0623      -> Expected Node 7 | Actual Node 7 : PASS
EMP0458      -> Expected Node 7 | Actual Node 7 : PASS
EMP0537      -> Expected Node 7 | Actual Node 7 : PASS
EMP0267      -> Expected Node 7 | Actual Node 7 : PASS
EMP0010      -> Expected Node 7 | Actual Node 7 : PASS
EMP0523      -> Expected Node 7 | Actual Node 7 : PASS
EMP0826      -> Expected Node 7 | Actual Node 7 : PASS
EMP1106      -> Expected Node 7 | Actual Node 7 : PASS
EMP0553      -> Expected Node 7 | Actual Node 7 : PASS
EMP0180      -> Expected Node 7 | Actual Node 7 : PASS
EMP0558      -> Expected Node 7 | Actual Node 7 : PASS
EMP1227      -> Expected Node 7 | Actual Node 7 : PASS
EMP0560      -> Expected Node 7 | Actual Node 7 : PASS
EMP0563      -> Expected Node 7 | Actual Node 7 : PASS
EMP0772      -> Expected Node 7 | Actual Node 7 : PASS
EMP0744      -> Expected Node 7 | Actual Node 7 : PASS
EMP0564      -> Expected Node 7 | Actual Node 7 : PASS
EMP0565      -> Expected Node 7 | Actual Node 7 : PASS
EMP1498      -> Expected Node 7 | Actual Node 7 : PASS
EMP0586      -> Expected Node 7 | Actual Node 7 : PASS
EMP0640      -> Expected Node 7 | Actual Node 7 : PASS
EMP0567      -> Expected Node 7 | Actual Node 7 : PASS
EMP0687      -> Expected Node 7 | Actual Node 7 : PASS
EMP1678      -> Expected Node 7 | Actual Node 7 : PASS
EMP1103      -> Expected Node 7 | Actual Node 7 : PASS
EMP0266      -> Expected Node 7 | Actual Node 7 : PASS
EMP0832      -> Expected Node 7 | Actual Node 7 : PASS
EMP0952      -> Expected Node 7 | Actual Node 7 : PASS
EMP0583      -> Expected Node 7 | Actual Node 7 : PASS
EMP1425      -> Expected Node 7 | Actual Node 7 : PASS
EMP1221      -> Expected Node 7 | Actual Node 7 : PASS
EMP0602      -> Expected Node 7 | Actual Node 7 : PASS
EMP0918      -> Expected Node 7 | Actual Node 7 : PASS
EMP0572      -> Expected Node 7 | Actual Node 7 : PASS
EMP0605      -> Expected Node 7 | Actual Node 7 : PASS
EMP0315      -> Expected Node 7 | Actual Node 7 : PASS
EMP0471      -> Expected Node 7 | Actual Node 7 : PASS
EMP0622      -> Expected Node 7 | Actual Node 7 : PASS
EMP1092      -> Expected Node 7 | Actual Node 7 : PASS
EMP0658      -> Expected Node 7 | Actual Node 7 : PASS
EMP1649      -> Expected Node 7 | Actual Node 7 : PASS
EMP0993      -> Expected Node 7 | Actual Node 7 : PASS
EMP0660      -> Expected Node 7 | Actual Node 7 : PASS
EMP0696      -> Expected Node 7 | Actual Node 7 : PASS
EMP0672      -> Expected Node 7 | Actual Node 7 : PASS
EMP0698      -> Expected Node 7 | Actual Node 7 : PASS
EMP0457      -> Expected Node 7 | Actual Node 7 : PASS
EMP0710      -> Expected Node 7 | Actual Node 7 : PASS
EMP1567      -> Expected Node 7 | Actual Node 7 : PASS
EMP0711      -> Expected Node 7 | Actual Node 7 : PASS
EMP1289      -> Expected Node 7 | Actual Node 7 : PASS
EMP0727      -> Expected Node 7 | Actual Node 7 : PASS
EMP0787      -> Expected Node 7 | Actual Node 7 : PASS
EMP0766      -> Expected Node 7 | Actual Node 7 : PASS
EMP1316      -> Expected Node 7 | Actual Node 7 : PASS
EMP0795      -> Expected Node 7 | Actual Node 7 : PASS
EMP1208      -> Expected Node 7 | Actual Node 7 : PASS
EMP0945      -> Expected Node 7 | Actual Node 7 : PASS
EMP0809      -> Expected Node 7 | Actual Node 7 : PASS
EMP0811      -> Expected Node 7 | Actual Node 7 : PASS
EMP1179      -> Expected Node 7 | Actual Node 7 : PASS
EMP0817      -> Expected Node 7 | Actual Node 7 : PASS
EMP0818      -> Expected Node 7 | Actual Node 7 : PASS
EMP0256      -> Expected Node 7 | Actual Node 7 : PASS
EMP0844      -> Expected Node 7 | Actual Node 7 : PASS
EMP1541      -> Expected Node 7 | Actual Node 7 : PASS
EMP0845      -> Expected Node 7 | Actual Node 7 : PASS
EMP0851      -> Expected Node 7 | Actual Node 7 : PASS
EMP0427      -> Expected Node 7 | Actual Node 7 : PASS
EMP0891      -> Expected Node 7 | Actual Node 7 : PASS
EMP0475      -> Expected Node 7 | Actual Node 7 : PASS
EMP0907      -> Expected Node 7 | Actual Node 7 : PASS
EMP1101      -> Expected Node 7 | Actual Node 7 : PASS
EMP0636      -> Expected Node 7 | Actual Node 7 : PASS
EMP0942      -> Expected Node 7 | Actual Node 7 : PASS

Verification Result : PASS

==================================================
              Load Distribution
==================================================
Total Records      : 1700
Total Nodes        : 8
Ideal / Node       : 212.50

Node      Records     Ideal       Difference
-----------------------------------------------
0         224         212.50      +11.50
1         207         212.50      -5.50
2         246         212.50      +33.50
3         186         212.50      -26.50
4         206         212.50      -6.50
5         204         212.50      -8.50
6         203         212.50      -9.50
7         224         212.50      +11.50

-----------------------------------------------
Minimum Records      : 186
Maximum Records      : 246
Record Difference    : 60
Max Difference       : 33.50 records
Average Difference   : 14.12 records
Overall Imbalance    : 6.65%
Allowed Difference   : ±59.00 records

Cluster Status       : BALANCED
==================================================

========== Cluster Statistics ==========
Node ID: 0
Records: 224
Puts: 260
Gets: 0
Deletes: 0
-----------------------------
Node ID: 1
Records: 207
Puts: 242
Gets: 0
Deletes: 0
-----------------------------
Node ID: 2
Records: 246
Puts: 288
Gets: 0
Deletes: 0
-----------------------------
Node ID: 3
Records: 186
Puts: 218
Gets: 0
Deletes: 0
-----------------------------
Node ID: 4
Records: 206
Puts: 253
Gets: 0
Deletes: 0
-----------------------------
Node ID: 5
Records: 204
Puts: 237
Gets: 0
Deletes: 0
-----------------------------
Node ID: 6
Records: 203
Puts: 242
Gets: 0
Deletes: 0
-----------------------------
Node ID: 7
Records: 224
Puts: 260
Gets: 0
Deletes: 0
-----------------------------

========================================
Total Nodes   : 8
Total Records : 1700
========================================

==========================================================
Finished : Thu Jul 30 17:12:00 IST 2026
==========================================================
